date,tmax,tmin,o3,pm10,pm25,observed,predicted,isExcess
20150914,18.3,11,59.1,8.5,2.7,266,267,0
20150915,16.9,10.8,63.4,8.5,1.8,266,268,0
20150916,19.6,12.3,59.6,6.7,1.6,262,268,0
20150917,16.1,11.7,63.4,9.9,3.8,261,268,0
20150918,17.7,10.8,54.8,11.1,4.8,259,269,0
20150919,17.7,10.6,57.1,13.3,6.8,266,269,0
20150920,18.7,8.9,75.2,11.9,6.3,270,269,0
20150921,17.9,8.3,69.7,14.4,6.9,268,270,0
20150922,14.8,9.7,53.2,8.5,3.1,273,270,0
20150923,15.8,10,35.2,12.3,6.2,272,271,0
20150924,17.4,11.3,48,9.1,2.7,273,271,0
20150925,18.1,8.4,45.4,12.9,4.7,272,271,0
20150926,17,6.7,56.9,14.5,8.4,274,272,0
20150927,18,7.6,59.4,12.6,6,274,272,0
20150928,17.3,7.8,49.3,14.8,6.3,280,272,0
20150929,18.1,7,55.7,14.1,5.2,276,273,0
20150930,17.6,7.1,53.8,16.5,6.2,276,273,0
20151001,16.5,6.7,56.6,22.3,10.7,279,274,0
20151002,18.9,5.5,40.1,29,14.3,282,274,0
20151003,20.5,8.1,48.3,35.5,20.2,284,275,0
20151004,18.7,7.9,65.3,32.1,19.8,285,275,0
20151005,17.6,11.3,38.5,14.6,8.3,284,276,0
20151006,19.7,13.9,39.5,10.9,4.5,289,277,0
20151007,15.5,11.6,44.8,7.8,2.5,292,277,0
20151008,15.6,7.4,45.6,14,6,288,278,0
20151009,17.7,5.1,31.9,25.2,15.9,288,278,0
20151010,12.5,7.4,26.4,31.5,22.3,284,279,0
20151011,13.7,4.2,37.9,35.7,25,285,279,0
20151012,12.5,2.9,23.2,37.3,23.2,284,280,0
20151013,5.6,2.4,27.8,41.6,33.1,283,280,0
20151014,7.1,2.9,24,24.8,19,287,281,0
20151015,5.3,3.3,12.8,24.3,17.9,294,282,0
20151016,7.5,5.2,10,20.5,13.8,296,282,0
20151017,9.1,6.4,15.2,17,11.5,297,283,0
20151018,11.8,6.4,19.4,26.2,18.3,294,283,0
20151019,11.9,7.5,11.2,33.3,23.7,295,284,0
20151020,13.2,5.7,36.2,22.8,15.3,291,284,0
20151021,12.1,6,36.8,22.5,13.3,289,285,0
20151022,13.4,10.1,36.2,13.9,6.8,289,285,0
20151023,13,8.8,29.2,22.3,10.9,291,286,0
20151024,14.6,9.7,38,20.1,11.1,296,286,0
20151025,12.7,8,39.5,17.2,10.8,301,287,0
20151026,16.7,7,25.2,22.9,15.6,304,288,0
20151027,17.9,6.8,23.9,28.9,19,305,288,0
20151028,14.5,11.5,20.2,17.3,11.5,305,289,0
20151029,15.4,8.2,38.4,16.3,8.8,299,289,0
20151030,16.3,7.5,26.1,20.1,12.6,293,290,0
20151031,17.8,6.6,22.1,29.6,22.4,289,291,0
20151101,21.1,5.3,24.5,29,19.3,287,291,0
20151102,18.1,5.1,14,32.2,20.5,284,292,0
20151103,19.6,5.6,22.7,24.3,12,282,292,0
20151104,15.9,11.7,41.2,12,6,277,293,0
20151105,18.5,11,37.8,15.6,8.3,276,294,0
20151106,17.4,13.9,36.9,8.5,3.2,278,294,0
20151107,19.6,14,38.9,8,2.6,277,295,0
20151108,18.1,10.1,41.7,10.9,5.3,270,295,0
20151109,16.8,12.8,59.4,11.7,4,269,296,0
20151110,14.1,12.1,55.9,13.2,6,272,297,0
20151111,13.5,10.9,51.1,15.2,8.7,272,297,0
20151112,16.5,11.8,44.6,16.1,8.6,275,298,0
20151113,13.9,6.7,54.8,13.7,6.4,281,299,0
20151114,10.9,6.7,52.8,9.6,3.5,280,299,0
20151115,15.2,10.9,59.4,14.6,5.8,287,300,0
20151116,13,11.2,57.7,10.8,5.3,289,301,0
20151117,15.7,11.9,56.1,9.6,2.9,287,301,0
20151118,14.7,12.1,67.1,16.2,6,289,302,0
20151119,13.2,8.8,62.4,12,4.7,287,302,0
20151120,9.9,4.2,41.7,9.6,3.4,284,303,0
20151121,5.8,1.1,51.9,7.7,3.5,289,304,0
20151122,4.9,-0.5,55.2,8.1,4.5,283,304,0
20151123,5.9,-2,31.5,20.7,12.5,281,305,0
20151124,5.7,0.3,36.7,12.1,7.2,284,306,0
20151125,8.7,4,37.5,11,5.4,285,306,0
20151126,9.5,1.9,27.8,18.7,10.3,287,307,0
20151127,5.9,1.6,29.7,16.5,10,282,308,0
20151128,8,3.4,55.8,9.6,3.1,279,308,0
20151129,11.2,7.3,69.7,11.7,4.6,284,309,0
20151130,11.5,8.5,68.8,8.6,2.7,283,309,0
20151201,12.7,10,65.6,10,3.6,287,310,0
20151202,12.5,9.9,55.3,14.4,6.3,287,311,0
20151203,12.1,7.5,48.2,16.7,9.1,284,311,0
20151204,10.4,7.2,43.6,13.4,6.6,292,312,0
20151205,8,5.4,48.3,11.6,5.8,293,313,0
20151206,11.6,5.9,52.8,14.5,9.1,295,313,0
20151207,13.3,9,36.1,22.2,13.3,297,314,0
20151208,12.1,8.3,35.4,16.2,9.9,297,315,0
20151209,10.1,4.2,44.1,16.6,7.2,299,315,0
20151210,6.4,2.9,42.1,13.5,7.7,302,316,0
20151211,9.1,4,39.3,11.2,6.7,298,316,0
20151212,10.8,5.8,48.2,11,5.1,299,317,0
20151213,9.7,7.8,55.3,14.3,9.3,300,317,0
20151214,8.2,5.5,31.1,21.5,14.8,302,318,0
20151215,10.8,6.2,20.8,24.4,17.3,298,318,0
20151216,13.3,9.4,41.3,14.3,6.8,298,319,0
20151217,16.1,12.7,40.2,22.4,9.6,298,320,0
20151218,13.2,10.3,34.6,22.2,11.4,297,320,0
20151219,15,11.3,35.5,23.4,12.9,293,321,0
20151220,13.4,10.7,38.3,21.3,12,294,321,0
20151221,11.5,9.5,60.9,8.5,2.7,293,322,0
20151222,13.6,10.5,57.1,7.7,2.7,290,322,0
20151223,12.5,7.4,58,12.1,5.3,287,323,0
20151224,13,6.6,57.1,12.4,7.2,289,323,0
20151225,13.6,7.2,61.7,10.3,4.7,292,324,0
20151226,14.4,10.2,50.6,12.8,8.1,296,324,0
20151227,13.8,7.9,45,27.6,14.5,295,325,0
20151228,13.1,7.2,34.9,16.5,11,299,325,0
20151229,11.2,6.8,35.4,13.4,8.4,301,326,0
20151230,9.8,5.5,48.9,11.3,7.2,305,326,0
20151231,10.3,6.3,54.4,13.4,6.3,303,327,0
20160101,8.3,2.7,46.2,11.7,6.5,310,327,0
20160102,11.1,5.5,51.5,9.9,5.3,310,327,0
20160103,7.6,3.8,59.1,7,1.9,308,328,0
20160104,7.8,4,56.3,11.1,4.1,307,328,0
20160105,7.6,4.9,47.3,10.1,3.8,316,328,0
20160106,8.9,5.6,37.8,10.5,4.8,318,329,0
20160107,8.5,4.4,57,8.9,3.8,321,329,0
20160108,8.6,2.1,57.1,14.2,5.6,318,329,0
20160109,8.3,4.4,47.4,10,5.5,320,329,0
20160110,8.8,4.3,68.1,7.6,2.3,320,329,0
20160111,7.3,3.2,56.1,7.1,2.2,318,329,0
20160112,7.4,4.1,57.7,8.7,3,320,330,0
20160113,6.2,2.5,50.2,11.5,4.6,322,330,0
20160114,4.8,0.3,52.2,8.1,2.9,319,330,0
20160115,3.1,0.1,60.1,10.3,5.1,317,330,0
20160116,6.1,-0.5,55.5,12.9,7.3,321,330,0
20160117,3.5,-4.2,51.1,15.5,9.5,319,330,0
20160118,-0.7,-7,31.2,21.6,14.9,325,331,0
20160119,1.8,-7.5,17.3,40,27.3,320,331,0
20160120,0.6,-4.4,10.1,47.8,34.3,322,331,0
20160121,5,-3.3,17.5,47.3,34.8,327,331,0
20160122,4.5,-1.3,26.6,27.2,22.3,333,331,0
20160123,7,4.2,41.7,21.4,11.9,331,331,0
20160124,8.4,4.5,48.2,13.6,8.3,330,331,0
20160125,15,7.2,35.3,15.7,8.7,330,331,0
20160126,11.3,9,53.7,17.2,9.7,329,331,0
20160127,11,8.8,62.8,8.5,3.3,323,331,0
20160128,9.6,3.1,51.3,14.3,5.7,324,331,0
20160129,9.4,4.3,54.9,9.8,3.9,316,331,0
20160130,9.4,2.9,63.9,7.9,2.5,310,331,0
20160131,11.6,3.5,56.7,9.3,3.5,316,331,0
20160201,11.3,9.7,66.8,9.6,3.4,311,331,0
20160202,10.2,4.7,67.8,9.3,3,311,331,0
20160203,6.6,2.7,59.9,11,4.2,312,331,0
20160204,9.2,1.8,46.8,11.3,5.2,311,331,0
20160205,9.6,6.4,42.3,11.6,5.9,312,331,0
20160206,11.9,7.8,63.4,9.7,4.7,317,331,0
20160207,11.5,6.5,70.4,7.3,2,315,331,0
20160208,8.8,4.6,75.8,11.6,3.9,312,331,0
20160209,6.8,1.5,75.2,9.1,3.2,309,330,0
20160210,5.9,2.2,66.9,8.5,3.4,307,330,0
20160211,5.5,1.5,39.9,15.6,9,304,330,0
20160212,7.3,-0.3,58.4,14.2,8.3,304,330,0
20160213,2.9,-1.7,24.1,21.4,15,295,330,0
20160214,2.7,0.8,39.8,18.9,14.3,295,330,0
20160215,5.5,0.5,58.9,11.1,5.3,301,330,0
20160216,5.7,-3.5,35.9,23,14.5,301,329,0
20160217,5.6,-5.2,28.2,31.3,21.6,303,329,0
20160218,4,-1,40.4,28.3,21.2,300,329,0
20160219,7.8,-0.2,50.2,20,13,302,329,0
20160220,10.1,4.6,61.6,7.3,2.5,309,328,0
20160221,11.7,9.4,66.6,6,1.5,308,328,-1
20160222,10.5,3.5,64.5,7,2.3,307,328,0
20160223,6.9,0.2,50.4,12.8,6.1,311,328,0
20160224,6.9,-2.1,49.5,20,10.3,314,327,0
20160225,6.1,-2,43,24.5,16.1,316,327,0
20160226,5.1,0.2,40,31.8,21.8,320,327,0
20160227,7.1,-0.1,60.4,27.1,20.5,322,326,0
20160228,6.3,-0.9,69.4,21.9,19.3,329,326,0
20160229,6.6,-0.7,65,21.5,17.8,330,326,0
20160301,8,-3.4,43.1,28.5,21.3,327,326,0
20160302,8,1.9,71.3,9,2.8,326,325,0
20160303,7.1,0.3,59.7,12.7,6.5,333,325,0
20160304,5.7,-0.2,55.4,13,7.4,336,324,0
20160305,6.7,-1.1,39.4,22.6,14.8,332,324,0
20160306,5,0.5,59.4,9.4,6.4,329,324,0
20160307,5.8,-1.5,54.3,14.6,10.4,331,324,0
20160308,6.8,-2.3,48.9,19,12.5,336,323,0
20160309,8.9,2.4,69.4,16,10.5,332,323,0
20160310,11,-0.7,54.3,41.1,29.6,324,323,0
20160311,10.4,-0.4,52.1,52,39.5,318,322,0
20160312,9.9,-1,50.8,46.7,35.3,318,322,0
20160313,10.4,-1.3,65.1,25.6,18.8,318,321,0
20160314,8.5,-1.1,54,29,19.5,318,321,0
20160315,10.5,-0.1,41.6,34.6,24.4,313,320,0
20160316,8.8,1.4,62.6,30.6,21.4,313,320,0
20160317,10.8,0.3,58.7,39.3,27.4,320,320,0
20160318,8,1.1,41.6,34.1,28.2,318,319,0
20160319,6.6,4.4,65.2,17.8,10.8,329,319,0
20160320,8.5,4.5,73.3,14.9,9.9,334,318,0
20160321,9.1,4.8,69.1,19,11,334,318,0
20160322,11.8,1.8,61.8,26.3,18.1,340,317,1
20160323,9.5,4.7,62.4,16.2,10.2,345,317,0
20160324,9.2,5.4,55.6,33.2,22.6,337,317,0
20160325,10.5,2.2,62.6,19.8,13.1,336,316,0
20160326,14.9,1.3,73,16.2,10.1,331,316,0
20160327,12.8,5.9,81.2,7,2.3,322,315,0
20160328,12.3,5.3,77,6.8,1.6,321,314,0
20160329,11.8,5.1,76.6,8.6,2.4,322,314,0
20160330,11.1,6.1,70.4,10,3.2,320,313,0
20160331,8.5,5.4,54,16.2,9.8,323,313,0
20160401,12.1,2.9,66,17,10.8,325,312,0
20160402,13.9,6.7,53,22,15.7,316,311,0
20160403,19.5,12.1,79,18.6,11.1,312,311,0
20160404,15.6,9.4,79.9,12,5.2,310,310,0
20160405,14.1,7.2,67.6,14.6,7.6,302,310,0
20160406,11.4,6.2,80,13.5,6,298,309,0
20160407,11.3,4.1,79.4,10.2,3.2,296,308,0
20160408,11.5,5.6,60,19.7,11.3,293,308,0
20160409,14.8,2.8,84,15.9,9.3,299,307,0
20160410,15.5,3.1,82.9,13.7,7.9,303,307,0
20160411,19,8.2,79.9,18.1,10,304,306,0
20160412,15.8,7.6,76.1,9.7,3.5,304,305,0
20160413,13.3,4.8,50.3,16.3,7.8,307,304,0
20160414,16.5,3.5,75.3,23.1,13.6,307,304,0
20160415,16.2,8.7,78.2,9.7,3.6,305,303,0
20160416,11.8,4.5,73.9,11.7,6.4,304,302,0
20160417,10.3,1.8,77.5,8.2,3.8,303,301,0
20160418,12.1,0.2,78.6,15.3,7.5,298,301,0
20160419,13.3,6.2,79.4,17.6,8.2,298,300,0
20160420,15.4,2.5,69.8,20.9,8.1,295,299,0
20160421,20.1,4.5,65,27.6,11.2,292,299,0
20160422,13.5,7.7,62.5,22.7,10.9,288,298,0
20160423,9.7,2.4,77,10,4.4,287,297,0
20160424,7.4,1.3,77.5,7.3,2.5,281,297,0
20160425,8.4,1.1,63.3,10.7,5.3,282,296,0
20160426,6.7,0.4,72.2,8.8,3,283,295,0
20160427,9,1,72.6,9.9,4.7,281,295,0
20160428,9.6,-0.8,76,15.1,8.1,284,294,0
20160429,9.1,4.4,63.8,9.7,4,288,293,0
20160430,10.3,5.1,78,11,5.4,288,293,0
20160501,14.1,4.1,90.6,12.5,6.8,294,292,0
20160502,17.5,2.5,87.8,17.7,9.8,294,292,0
20160503,14.3,5.2,78,11.2,4.5,293,291,0
20160504,16.4,3.3,95.1,17,7.1,295,290,0
20160505,19.5,5.3,109,12.9,4.9,296,290,0
20160506,23.8,9.7,113.9,17.4,6.8,300,289,0
20160507,25.7,13,124.1,17.9,7,307,289,0
20160508,26.1,12.2,130.5,19,8,305,288,0
20160509,24.7,13.5,113.6,19.5,6.7,305,287,0
20160510,20.4,13.2,82.1,10.8,4.8,302,287,1
20160511,24.1,12.6,90.6,15,7.2,301,286,0
20160512,22.5,12.6,102,28.2,16.2,295,286,0
20160513,23,10.5,104.4,31.9,14.3,286,285,0
20160514,12.4,5.5,88.9,14.8,5.3,274,284,0
20160515,13.3,3.9,86.5,14.6,6.4,273,284,0
20160516,14.2,7,85.6,10.8,6.1,270,283,0
20160517,17.2,6.6,84.7,22.3,11.5,267,282,0
20160518,18.3,8.7,87,19.1,8.6,269,282,0
20160519,18.5,7,79.4,12.5,4.9,272,281,0
20160520,18.1,10.2,63.6,11.4,5.4,277,281,0
20160521,22.7,12.8,69.5,11.3,4.4,275,280,0
20160522,18.2,11.3,59.5,8.6,3.5,272,279,0
20160523,13.6,10,66.9,10.4,5.1,275,279,0
20160524,14.8,8.6,66.4,17.2,8.6,278,278,0
20160525,17.1,4.7,63.2,21.3,13.4,280,278,0
20160526,21.4,8.7,93.9,29.7,16.9,276,277,0
20160527,22.8,13.7,87.8,32.7,19.4,273,277,0
20160528,23,12.1,100.7,31.8,20,276,276,0
20160529,18.6,14.6,73.4,31.9,21.8,278,276,0
20160530,14.6,12.9,59.6,17.2,10.5,276,275,0
20160531,17.8,13,51.8,14.9,7.4,275,274,0
20160601,15,13.3,49.2,31.3,18.7,268,274,0
20160602,14.6,11.6,60.5,26.3,14.9,268,273,0
20160603,17.5,11.3,59,22.6,15.4,270,273,0
20160604,17.6,11.2,67,33.8,24.7,270,272,0
20160605,25.7,13.3,89.8,41.2,29.3,266,272,0
20160606,26.7,14.1,92.9,27.4,15.5,263,271,0
20160607,26.9,15.7,107.4,28,15.7,258,270,0
20160608,22.8,12.4,87.9,26,15.5,261,270,0
20160609,20.6,12.2,95.3,20.5,10.9,264,269,0
20160610,22.8,9,104.2,20.8,8.4,262,269,0
20160611,21.9,14.1,98.5,25.3,13,257,268,0
20160612,20.4,14.1,81.3,22.4,14.6,260,268,0
20160613,18.4,13.6,49.8,12,5.4,260,267,0
20160614,18.6,12.7,53.1,9.9,3.3,264,267,0
20160615,17.2,10.6,47.7,8.8,2.8,267,266,0
20160616,17.1,8.9,45.6,9.3,3.1,265,266,0
20160617,19,11.7,67,11.8,5.4,265,265,0
20160618,16.8,11.3,63.2,16,8.7,274,265,0
20160619,18.8,10.6,82.3,15.9,8.3,273,264,0
20160620,16.6,13.3,62.7,9.8,4.2,279,264,0
20160621,18.9,14.7,34.9,9.6,3.1,279,263,0
20160622,25.5,13.4,40.7,9.9,2.8,274,263,0
20160623,29.8,18.8,75.5,12.7,4.5,273,262,0
20160624,22.7,16.1,69,15.1,7.1,269,262,0
20160625,18.4,11.5,54.6,14,7.4,263,261,0
20160626,18,11.3,60.3,10.2,4.3,264,261,0
20160627,19.9,11.5,46.8,9.3,3.4,259,260,0
20160628,20.3,13,70.1,14.1,5.5,259,260,0
20160629,19.8,12.5,61.8,12,3.8,263,260,0
20160630,18.5,14.3,47.1,10.3,4.1,263,259,0
20160701,19.6,13,44.2,9.1,3.1,265,259,0
20160702,18.2,10.9,59.4,10.2,2.9,266,258,0
20160703,18.8,11.3,53.4,9.4,2.9,266,258,0
20160704,22.3,10.8,58.2,9.4,3.2,263,258,0
20160705,19.5,13.4,56.6,9.4,3.1,267,257,0
20160706,20.2,11.4,81.3,13.4,5.3,266,257,0
20160707,23.4,10.9,92.1,17.9,6.7,271,257,0
20160708,22.8,14.6,76.2,17.2,5.5,274,257,0
20160709,25,15.4,69.1,14.3,6.1,276,256,0
20160710,27.8,16.6,82.6,14.8,4.7,275,256,0
20160711,21.4,15.5,60.3,12.3,3.4,279,256,0
20160712,20.8,11.1,56.4,10.1,3.1,274,256,0
20160713,17.2,10.6,56.6,9.6,3.5,274,255,0
20160714,18.2,10.8,61.1,9.7,4.1,273,255,0
20160715,22.1,8.7,76.6,12.4,4.7,273,255,0
20160716,24.3,14.3,54.7,11.3,4.7,274,254,0
20160717,24.7,15.8,48.5,9.4,3.3,279,254,0
20160718,27.6,15.8,88.4,11.3,3.9,281,254,0
20160719,30.8,16.8,117.5,16.8,6.2,286,253,0
20160720,31.9,20.3,124.4,24.8,9.3,291,253,0
20160721,25.9,17.1,98.5,19.6,10.2,286,253,0
20160722,25.3,17.9,102.2,26,16.4,284,253,1
20160723,22.2,17,84,32,21.2,283,253,1
20160724,25.2,14.7,88.3,20.1,12.8,278,252,0
20160725,24,15.7,59.2,10.7,4.1,282,252,0
20160726,22.5,13.7,70.7,15.4,6.4,277,252,0
20160727,21.4,12.7,54.4,12.2,5.3,269,252,0
20160728,22.9,14.7,67.4,11.2,4.4,269,252,1
20160729,22,15.2,54.2,8.8,2.6,264,252,0
20160730,22.4,14.4,52.7,10,3.8,264,252,0
20160731,20.8,12.5,68.6,11.6,5.7,265,252,0
20160801,21.4,11.1,67.9,11.4,3.7,256,251,0
20160802,17.5,13.1,43.4,8.2,2.9,253,251,0
20160803,18.8,15.5,32.8,8.9,2.9,254,251,0
20160804,20.4,14,48.1,13.4,4.1,254,251,0
20160805,21,12.8,59.3,14.1,5.7,257,251,0
20160806,21.9,12.6,70.9,13.4,5.5,252,251,0
20160807,23.4,12.5,46,9.9,3.7,249,251,0
20160808,21.7,13.9,69.7,14.9,5.3,248,251,0
20160809,18.8,10,59.9,14,4.5,248,251,0
20160810,15.3,8.5,47.9,9.6,3.5,249,251,0
20160811,14.6,7.5,44.2,12.5,5.6,254,251,0
20160812,22.4,13.9,40.9,16.9,8.2,257,251,0
20160813,24,12.9,65.9,14,6.1,262,251,0
20160814,22.2,12.9,73.4,15.7,7.5,268,251,0
20160815,22.4,13.3,83.4,11.3,5.7,274,251,0
20160816,23.9,11.9,91.6,19.3,8.3,279,251,0
20160817,25.9,12,108.5,23.6,9.3,281,251,0
20160818,25,13.9,96.6,28.3,12.2,280,251,0
20160819,22,14.3,66.3,24.8,12.1,283,251,0
20160820,22.8,12.7,69.7,11.7,3.9,283,251,0
20160821,18.8,12.8,56.9,9.5,3.3,279,251,0
20160822,24.3,13.7,64.2,11,3.3,285,252,0
20160823,28.6,13.8,98.6,16.3,4.4,289,252,0
20160824,32.2,17.7,114.3,15.9,3.9,292,252,0
20160825,32.7,18.8,127.6,22.4,8.4,300,252,1
20160826,28.2,19.4,138.3,40.9,22.3,292,252,1
20160827,31.1,17.4,121.6,27.5,15.8,291,252,1
20160828,24.3,16.6,80.3,18.3,8.1,293,252,1
20160829,21.6,14.5,71.4,9.4,3.4,283,253,0
20160830,23.4,11,84.8,16,8,277,253,0
20160831,25.4,11.6,101.4,22.5,8.7,271,253,0
20160901,22.6,13.7,60.9,19,8.6,262,253,0
20160902,22.6,11.6,63.8,16.1,5.1,262,253,0
20160903,23.1,13.1,64.7,11.7,4.6,265,254,0
20160904,20.5,15.1,57.4,10.5,3.8,265,254,0
20160905,22.6,14.6,52.2,13.6,5.8,267,254,0
20160906,22.4,16.2,41.7,11.6,4.9,263,254,0
20160907,26.1,12.9,97.8,15.4,6.1,260,255,0
20160908,26.8,14,97.7,21.7,7.9,260,255,0
20160909,23.2,11.3,69.6,16.4,4.4,265,255,0
20160910,24.9,12.4,89.3,16.6,4.5,267,256,0
20160911,21.6,16.7,50.3,12.7,5.2,269,256,0
20160912,28.8,16.5,90.8,18.6,6.2,270,256,0
20160913,31.6,17.9,117.4,27.8,11.9,275,257,0
20160914,30,18.1,115.6,36.4,15.7,275,257,0
20160915,26,14.7,90.9,33.2,16.7,275,258,0
20160916,21.4,13.6,59.1,12.1,4.4,271,258,0
20160917,20,14.3,58.4,10.8,5.6,266,258,0
20160918,20.5,15.2,65.6,21.6,15.7,260,259,0
20160919,20.5,11.6,62.5,14.8,8.1,254,259,0
20160920,20.1,9.7,63.1,22.5,12.7,251,260,0
20160921,21.2,11.7,53.7,30.9,16.8,250,260,0
20160922,21.3,10.2,70.2,28.8,15.4,251,261,0
20160923,20.7,10.8,58.9,20.2,10,253,261,0
20160924,23.8,10.4,96.3,20.2,10.2,253,261,0
20160925,22.4,9.9,75.8,15.9,7.8,254,262,0
20160926,16.4,8.4,45.9,17.2,5.3,261,262,0
20160927,21.9,7.6,60.6,18.2,6.2,265,263,0
20160928,22.1,15.1,55.1,14.9,4.5,271,263,0
20160929,18.4,13.5,46.7,12.4,4.1,271,264,0
20160930,18,12.3,46.1,15,5.2,270,264,0
20161001,17.3,9.4,54.6,8.9,3.3,269,264,0
20161002,13.7,9.1,51.7,8.7,2.9,269,265,0
20161003,17.2,7.6,48.5,11.6,4.3,272,265,0
20161004,15.2,9.4,31.4,18.5,10.8,266,266,0
20161005,14.5,6.5,46.9,11.1,3.2,268,266,0
20161006,13.4,3.6,38.6,13.8,7.3,269,267,0
20161007,12.6,9.7,24.4,17.8,10.6,270,267,0
20161008,15.1,5.9,47,16.4,10,275,268,0
20161009,13.4,4,50.6,18.3,12.3,278,268,0
20161010,13.4,5,36.1,20,12.5,277,269,0
20161011,12.9,3.1,28.1,26,18.5,287,269,0
20161012,9.1,6.1,9.1,16.5,12.4,289,269,0
20161013,11.7,4.2,27.7,13.1,6.9,294,270,0
20161014,11.7,7.1,17.4,19.2,12,297,271,1
20161015,15.2,9.9,55.7,17.4,12,298,271,0
20161016,20,9.4,62.7,11,6.3,301,272,0
20161017,15.9,9.1,43.8,13.8,7.3,303,272,0
20161018,12.9,7.2,40.4,11.9,5.4,297,273,0
20161019,10.9,6.7,41.7,9.8,4.7,291,274,0
20161020,13.1,5.3,38.9,12.1,7,291,274,0
20161021,11,4.2,23.1,22.1,15.1,292,275,0
20161022,12.1,3.7,28.6,20,13.9,290,275,0
20161023,7.4,2.1,18.4,27.2,20.3,288,276,0
20161024,10.8,6,6.9,33.2,21.1,285,277,0
20161025,13,5.7,12.8,39.4,25.4,285,277,0
20161026,14.3,3.2,15.4,42.7,27.8,289,278,0
20161027,12.4,7.1,27.9,26.6,17.6,288,279,0
20161028,13,11.1,32.7,22.3,13.6,289,279,0
20161029,16.6,7.9,29.3,30.1,20.1,292,280,0
20161030,16.4,6.1,33.5,29,17.7,292,280,0
20161031,18.2,6.7,25.2,27,14.6,291,281,0
20161101,14.9,6.6,37.4,23.4,14.9,296,282,0
20161102,10.5,5.4,43.1,10.8,4.6,294,282,0
20161103,10.8,3.8,28,19,11.6,298,283,0
20161104,9.3,4.9,25.5,20.3,13.9,296,283,0
20161105,9.9,5.5,43.7,15.1,10.2,298,284,0
20161106,6.8,2.9,42.6,13.2,8.1,301,285,0
20161107,5.5,2.3,29.3,14.6,10.2,306,285,0
20161108,5.5,0.8,22.4,17.7,12,304,286,0
20161109,5.1,1.6,26,10.7,6.5,303,286,0
20161110,8.4,5,33.2,11.5,5.6,298,287,0
20161111,5.9,-1.4,37.7,23.3,17.5,295,288,0
20161112,5.8,-2.5,21.5,29.5,23.5,298,288,0
20161113,5.5,3.6,22,24.2,20,301,289,0
20161114,6.4,2.7,13.7,26.9,21.4,306,290,0
20161115,11.9,5.6,16.1,14.7,9.5,306,290,0
20161116,12.2,10.3,40.9,8.1,2.8,308,291,0
20161117,11.3,8.4,55.4,7.6,2.3,310,291,0
20161118,11.6,2.5,64.6,6.6,1.6,315,292,0
20161119,7,4.1,55.7,7.4,2.5,311,292,0
20161120,12.4,5.2,67.6,8.1,2.5,305,293,0
20161121,14,9.6,58.8,7.5,2.4,301,294,0
20161122,12.8,8.4,67.4,9.8,3.3,300,294,0
20161123, ,7.7,20.6,21.4,11,301,295,0
20161124,11.4,5,23.6,20.8,13.8,304,295,0
20161125,8.1,3.1,21.2,21.3,14.5,299,296,0
20161126,7.4,2.4,8.4,31.2,22.1,299,296,0
20161127,8.4,1.4,37.6,27.7,18.5,300,297,0
20161128,4.9,-1.3,33.1,17.3,9.3,304,298,0
20161129,4.5,-3.2,18.6,26.2,13.4,310,298,0
20161130,4.6,-3.9,11.6,39.5,23.4,310,299,0
20161201,5.5,-0.4,10,37.1,27.3,313,300,0
20161202,8.9,4.5,25.2,23.6,16.9,316,300,0
20161203,6.2,-0.8,22.9,21.9,13.2,316,301,0
20161204,6,-3,24.7,19.7,12.2,321,301,0
20161205,7.3,-2.7,11.3,41.5,27.7,321,302,0
20161206,11.1,0.4,8.5,47.6,32,317,302,0
20161207,11.5,4.4,24.1,24.3,17,317,303,0
20161208,9.2,4.9,32.8,27.1,19.6,315,304,0
20161209,12.2,7.1,22.1,31.3,22.4,322,304,0
20161210,9,5,25.5,32.2,24,320,305,0
20161211,9.9,5.9,49.8,14.1,8.2,320,305,0
20161212,7.9,4.8,32.5,18.8,12.2,317,306,0
20161213,7.4,5,37.8,18.5,12.7,312,306,0
20161214,13.1,4.9,14.9,27.4,16.5,314,307,0
20161215,9,3.6,16.3,21.7,15.4,317,307,0
20161216,9.8,3.8,17.2,27.5,18.7,316,308,0
20161217,6.6,1.6,8.5,40.7,30.2,316,309,0
20161218,6.7,5.6,14.1,44.3,29.9,320,309,0
20161219,7.8,1.3,20.9,32.7,23.3,322,310,0
20161220,5.9,-1.7,19.8,34.4,23.9,331,310,0
20161221,7.5,0.3,30.8,22.4,17.3,330,311,0
20161222,6.8,4.8,30.1,14.1,8.3,331,311,0
20161223,8.1,3.2,48,13.9,8.1,330,312,0
20161224,8.2,5.9,57.1,17.4,8,336,312,0
20161225,10.1,7.6,61.8,13.4,6.2,330,313,0
20161226,10.5,2.8,60.9,10.5,3.9,338,313,0
20161227,7.2,0,36,26.5,14.8,340,314,0
20161228,1.9,-0.2,17.1,24.6,17.1,343,314,0
20161229,4.5,-3,13.6,29.9,21.5,345,315,1
20161230,4.7,-3.2,10.1,36,26.9,351,315,0
20161231,-1.9,-3.5,14,29.2,23.4,351,316,0
20170101,-0.6,-4.5,30,20,19.2,357,316,0
20170102,0.7,-1.3,33,19,15,357,317,0
20170103,2.4,-2,37,15,11.9,355,317,0
20170104,7,1.4,62,11,7.4,366,317,0
20170105,4.6,-3.7,53,12,7.5,368,318,1
20170106,1.3,-5.8,31,21,16.7,369,318,0
20170107,0.1,-3.3,40,18,15.8,381,319,1
20170108,4.6,0.1,18,26,22.2,386,319,0
20170109,5.5,3,33,14,12,388,319,0
20170110,6.1,2.7,41,15,9.9,398,320,1
20170111,9,4.4,67,11,7.1,393,320,1
20170112,6.4,2.3,66,9,4.9,391,320,1
20170113,3.3,0.1,66,7,3.4,392,321,1
20170114,3.2,-0.1,71,8,4.3,387,321,1
20170115,1.4,-0.1,57,14,11.6,384,321,0
20170116,2.8,-2.1,35,24,21,378,321,0
20170117,0.5,-3.9,37,32,28.7,373,322,1
20170118,0.1,-5.1,29,34,29.9,373,322,0
20170119,3.1,-5.3,37,29,22.3,378,322,0
20170120,5.2,-4.3,36,26,17.4,377,322,0
20170121,3.7,-4.1,33,35,26,375,323,1
20170122,3.8,-5.8,29,59,51.8,376,323,1
20170123,3.2,-3.9,24,61,55.8,380,323,0
20170124,1.3,-0.8,19,44,39.7,381,323,0
20170125,-0.2,-4.6,35,30,27.6,380,323,0
20170126,1,-4,43,35,29.6,384,323,0
20170127,8.1,-5.1,48,28,23.4,390,324,1
20170128,11.8,5.2,54,17,14.4,398,324,0
20170129,6.9,3.5,60,10,7.9,405,324,1
20170130,7.6,4.3,63,8,5.7,415,324,1
20170131,4.3,1,46,19,16.4,423,324,1
20170201,9.8,1.2,30,13,11.3,426,324,1
20170202,13.3,7.1,49,13,10.4,418,324,1
20170203,11.5,7,70,7,3.5,415,324,1
20170204,7,4.3,69,8,5.7,412,324,1
20170205,7,3.5,54,11,9.4,405,324,0
20170206,7.9,3.6,39,27,22.6,395,325,0
20170207,5.6,4.6,37,18,15.5,385,325,1
20170208,5.5,1.6,21,29,27.2,385,325,0
20170209,1.7,-1,22,48,42.5,384,325,0
20170210,0,-3.2,24,49,44.8,387,325,0
20170211,1,-0.8,13,60,57.8,382,325,1
20170212,6.6,0.1,29,40,38.2,382,325,0
20170213,8.9,-0.1,50,28,24.5,384,325,1
20170214,16.3,-0.1,51,36,26.2,385,325,0
20170215,14.4,6.2,50,31,23.6,379,324,0
20170216,12.3,4.8,49,23,17.4,374,324,1
20170217,9,5.5,44,20,16.2,362,324,0
20170218,12.4,2.9,59,22,18.4,356,324,0
20170219,8.7,0.6,54,22,18.7,353,324,0
20170220,10.4,7.1,52,9,7.6,350,324,0
20170221,10.4,9.2,47,8,5.1,344,324,0
20170222,10.3,8.8,65,6,2.5,342,324,0
20170223,11.6,5.4,83,7,2.9,342,324,0
20170224,7.9,1,82,9,5.5,344,324,0
20170225,9,0.3,72,14,10,348,323,0
20170226,10.6,6.2,70,11,8.1,344,323,0
20170227,11.4,6.1,85,6,2.1,337,323,0
20170228,6.9,2.6,90,5,1.8,333,323,0
20170301,8.6,4.1,77,7,3.4,333,323,0
20170302,9.3,4.8,87,13,6,328,323,0
20170303,12.6,3.4,63,10,5.7,325,322,0
20170304,11.7,6.3,76,6,3.6,316,322,0
20170305,9,4.6,79,6,3.5,314,322,0
20170306,7.6,4.8,76,7,4.3,311,322,0
20170307,10.9,3.5,63,16,11.3,309,322,0
20170308,10.9,3.9,59,8,5.2,302,321,0
20170309,14.3,5.6,67,8,4.5,304,321,0
20170310,12.5,2.3,71,14,8.2,301,321,0
20170311,14.2,2.5,66,17,10.9,300,321,0
20170312,18.7,3.8,66,18,12.6,297,320,0
20170313,15,3.1,58,24,17.7,298,320,0
20170314,13.3,3.3,65,23,16.1,296,320,0
20170315,17,7.7,63,27,18.1,296,320,0
20170316,18.7,4.9,76,39,27.3,290,319,0
20170317,11.5,6.3,75,22,15.1,293,319,0
20170318,11.7,6.2,76,7,4.5,293,319,0
20170319,12.2,9.8,77,7,4.4,294,318,-1
20170320,11.4,9.5,77,7,3.8,299,318,0
20170321,10.9,3.9,80,9,3.8,297,318,0
20170322,12.2,1.9,78,12,7.7,299,317,0
20170323,16,2.7,66,20,14.9,299,317,0
20170324,14.4,5.6,56,27,21.7,291,316,0
20170325,16,4,88,22,15.3,295,316,0
20170326,16.5,5,79,17,12.7,295,316,0
20170327,18.5,4.3,94,21,12.7,293,315,-1
20170328,20.1,6.3,98,25,14.1,298,315,0
20170329,16.2,9.4,82,15,8.1,294,314,0
20170330,22.4,9.6,89,12,5.8,294,314,0
20170331,20.5,10.5,88,16,7.9,296,314,0
20170401,14.2,8.5,74,12,8.2,288,313,0
20170402,17.3,5.2,90,13,9.4,287,313,0
20170403,15.8,4.4,74,23,17.3,278,312,0
20170404,17.4,4.9,85,28,20.9,275,312,0
20170405,13.2,6.4,82,25,19.4,280,311,0
20170406,10.8,4.1,77,19,10.9,280,311,0
20170407,15.5,2.7,75,33,24.8,280,311,0
20170408,16.8,5.6,86,45,36.2,281,310,0
20170409,23.1,5.2,116,38,30,280,310,0
20170410,14,6.3,85,20,13.5,281,309,0
20170411,14.8,3,76,20,11.9,278,309,0
20170412,15.5,5.7,82,20,10.9,276,308,0
20170413,13.8,4.4,82,15,9,279,308,0
20170414,12.9,2.9,80,22,13.9,281,307,0
20170415,11.5,4.1,82,13,9.1,281,307,0
20170416,11.8,3.9,88,12,7.1,281,306,0
20170417,11.5,4.6,91,8,4.4,281,306,0
20170418,10.3,0.6,87,8,4.6,282,305,0
20170419,9.8,1,90,13,9,278,305,0
20170420,12,-1.5,88,27,19.5,275,304,0
20170421,14.6,4,67,33,22,276,304,0
20170422,11.9,5.1,84,13,7.9,278,303,0
20170423,11.8,1.7,92,9,4.5,280,302,0
20170424,15.3,2.7,90,16,9.3,285,302,0
20170425,9.3,1.9,83,8,3.4,288,301,0
20170426,10.9,0,85,9,5,291,301,0
20170427,10.2,-0.1,81,12,7.4,296,300,0
20170428,11.9,4.8,79,13,9,294,299,0
20170429,14.2,3,91,15,10.7,292,299,0
20170430,20.8,4.8,116,12,6.1,298,298,0
20170501,15.6,7.3,101,6,2.6,296,298,0
20170502,13.5,4.8,64,19,14.8,297,297,0
20170503,14.2,7.2,63,15,12.8,300,296,0
20170504,15.9,9.5,61,24,19.8,299,296,0
20170505,12.6,7.8,66,20,16.6,298,295,0
20170506,21,6.4,87,20,16.4,299,294,0
20170507,13.8,8.5,83,25,21.7,291,294,0
20170508,13.6,7,79,13,8.3,288,293,0
20170509,14.9,4.3,93,15,6.8,292,292,0
20170510,19,3.8,104,24,14.4,286,292,0
20170511,23.9,7.9,96,18,9.9,285,291,0
20170512,21.4,13,82,7,3.5,287,290,0
20170513,19.1,10.3,81,9,5.1,292,289,0
20170514,19.2,9.9,83,9,4.8,302,289,0
20170515,21.9,6.6,91,8,2.8,305,288,0
20170516,26.4,15.5,96,9,3,300,287,0
20170517,29.4,16.6,133,14,5.3,301,287,0
20170518,20.3,14.5,102,10,7.3,300,286,0
20170519,16.4,8.2,67,7,3.9,298,285,0
20170520,17.6,7.5,80,6,2.7,293,285,0
20170521,20.3,7.6,92,6,3,287,284,0
20170522,25.7,9.8,112,10,4.7,281,283,0
20170523,21.7,13.5,88,15,8,278,283,0
20170524,23.2,11.7,85,14,8.1,278,282,0
20170525,24.4,11.6,91,11,6.6,284,281,0
20170526,27.6,14.3,99,10,4.2,290,281,0
20170527,31.3,16.4,123,12,5.6,289,280,0
20170528,28.1,16.3,113,14,8.6,286,279,0
20170529,30.7,19.1,121,21,11.3,289,279,0
20170530,20.9,13.6,87,12,6.8,296,278,0
20170531,23.4,11.4,85,10,4.4,293,278,0
20170601,25.9,13,119,17,8.8,281,277,0
20170602,27.3,14.8,129,19,9.6,268,276,0
20170603,23.3,15,92,16,10.5,269,276,0
20170604,20.2,11,79,11,5.6,267,275,0
20170605,22.1,9.6,88,7,2.2,264,274,0
20170606,17.8,11.7,78,8,2.5,257,274,0
20170607,18,10,71,10,3.7,255,273,0
20170608,24.5,12.7,81,10,3.5,257,273,0
20170609,20.4,12.6,75,8,2.9,259,272,0
20170610,25.2,9.9,97,9,3.5,255,271,0
20170611,28.2,17,100,8,3.3,256,271,0
20170612,18.2,12.6,73,11,4.4,260,270,0
20170613,21.1,10.6,87,13,5.9,262,270,0
20170614,25.9,11.3,119,19,9.9,261,269,0
20170615,27.2,16.1,119,18,7.6,264,269,0
20170616,20.6,12.6,82,14,5.8,273,268,0
20170617,25.2,12.5,81,14,7.9,278,268,0
20170618,27.9,14.8,103,16,10.2,280,267,0
20170619,31,16.5,142,15,7.5,292,267,0
20170620,31.7,19.9,181,24,12.3,296,266,0
20170621,32,18.2,168,23,11.3,299,266,0
20170622,32.8,17.4,146,31,13.2,299,265,1
20170623,23.9,15.6,86,16,6.8,291,265,0
20170624,21.8,13.7,72,8,3.2,288,264,0
20170625,22.6,16,63,6,2.5,286,264,0
20170626,24.1,15.4,88,12,4.8,269,263,0
20170627,21.5,14.2,79,20,11.5,263,263,0
20170628,22.8,16,59,11,7.3,258,263,0
20170629,20.5,14.9,74,8,3,255,262,0
20170630,21.5,13.3,66,8,3,262,262,0
20170701,17.2,13.1,58,12,7.4,261,262,0
20170702,19,10.9,54,11,6.5,257,261,0
20170703,23,9.6,79,11,4.4,262,261,0
20170704,24.5,13.5,86,12,6.9,264,261,0
20170705,27.1,14,110,16,8.3,271,261,0
20170706,27.5,15.8,103,19,10,269,260,0
20170707,28.3,18.1,118,15,7.8,267,260,0
20170708,25.8,16.2,93,14,7.9,264,260,0
20170709,25.5,14.2,105,12,7.6,268,260,0
20170710,23.7,15.8,84,11,5.4,267,259,0
20170711,21.6,14.4,64,9,4.6,264,259,0
20170712,19.5,12.1,64,8,3.2,257,259,0
20170713,22.4,8.7,85,10,4.1,261,259,0
20170714,20.9,12.1,75,12,6.2,257,258,0
20170715,21.9,11.1,71,10,4.6,262,258,0
20170716,22.8,15.1,57,11,6.4,263,258,0
20170717,24.1,16.1,82,9,5,265,258,0
20170718,28.9,14.5,123,13,5.6,258,258,0
20170719,29.9,20.5,111,24,9.6,258,258,0
20170720,23.6,13.3,78,12,5.5,258,257,0
20170721,26.2,9.8,89,10,2.8,259,257,0
20170722,22.9,13.9,69,9,3.2,258,257,0
20170723,19.1,12.2,58,6,2.4,254,257,0
20170724,19.4,13,70,7,3.1,251,257,0
20170725,20.3,13.6,80,9,4.7,257,257,0
20170726,24.4,12.4,93,11,6.1,264,257,0
20170727,21.8,14.8,66,10,4.4,268,257,0
20170728,21,13.4,62,9,4,268,257,0
20170729,25.7,17.4,59,8,3.1,268,257,0
20170730,23.3,16.2,72,6,2,269,257,0
20170731,23.7,13.3,72,8,2.6,271,256,0
20170801,22.7,13.5,63,13,6.4,273,256,0
20170802,22,15,70,12,5.4,265,256,0
20170803,23.8,16.7,78,9,3.7,256,256,0
20170804,22.7,16.5,72,7,2.2,258,256,0
20170805,20.6,11.6,70,7,3.4,258,256,0
20170806,22,9.7,82,7,3.8,256,256,0
20170807,23.6,10.4,99,10,3.9,250,256,0
20170808,18.5,14.3,80,16,11,249,256,0
20170809,21.8,12.2,71,8,3.6,248,256,0
20170810,16.3,12.9,50,12,8.1,255,256,0
20170811,21.2,13.9,74,18,13.1,252,256,0
20170812,18.9,13.9,63,6,3.1,250,256,0
20170813,22.2,13.7,72,10,5.6,253,256,0
20170814,26.3,12.5,86,10,5.4,256,256,0
20170815,22.9,15.6,66,9,5.1,256,256,0
20170816,24,12.6,72,11,6.1,259,256,0
20170817,20.3,14,50,8,3.4,252,256,0
20170818,20.8,13.2,59,7,2.8,251,256,0
20170819,20,12.1,61,7,3.1,256,256,0
20170820,20.5,11,68,8,3.5,258,257,0
20170821,20.6,13.3,72,8,3.5,259,257,0
20170822,24.7,15.5,83,11,5.4,262,257,0
20170823,29.6,14.6,100,15,7.3,268,257,0
20170824,23.2,15,63,10,4.3,275,257,0
20170825,24.4,13.4,74,14,6.6,277,258,0
20170826,25.7,17.3,98,23,15.2,277,258,0
20170827,25.6,16.3,109,29,21.1,279,258,0
20170828,28.2,14.7,122,30,19.9,279,258,0
20170829,31.5,17.5,119,29,17.8,278,258,0
20170830,24.5,13.9,83,21,15.2,274,259,0
20170831,20.4,11.9,68,7,3.4,271,259,0
20170901,20.8,9.7,67,8,4.5,272,259,0
20170902,20.9,9.8,75,14,10.4,268,259,0
20170903,20,9.1,86,11,7.9,263,260,0
20170904,19.3,12,66,12,7.7,265,260,0
20170905,23.8,16.2,52,9,4.4,261,260,0
20170906,18.8,14.1,63,11,5,265,260,0
20170907,18.3,12.4,57,16,9.1,266,261,0
20170908,16.4,13.7,53,7,2.9,262,261,0
20170909,15.7,10.3,62,5,2.2,261,261,0
20170910,17,9.2,57,6,2.7,263,262,0
20170911,16.9,12.1,63,7,2.3,262,262,0
20170912,18.9,11.5,59,6,2.2,264,262,0
20170913,17.8,12.1,67,7,2.5,257,263,0
20170914,14.7,9.5,61,6,2,258,263,0
20170915,16.1,8.6,53,7,3.6,261,263,0
20170916,16.5,6.3,62,7,4.4,264,263,0
20170917,17.2,6,69,7,4.6,260,264,0
20170918,16.3,9,57,7,3.8,261,264,0
20170919,17.9,9.9,71,10,6.9,266,265,0
20170920,17.9,8.8,65,12,7.8,269,265,0
20170921,19.7,9.5,75,10,5.5,268,265,0
20170922,18.6,9.8,61,16,10.3,268,266,0
20170923,18.5,7.9,70,17,12.3,268,266,0
20170924,21.5,7.9,79,24,19.8,276,267,0
20170925,21,9.9,64,26,20.1,275,267,0
20170926,20.1,10.1,51,25,18.7,273,268,0
20170927,21.3,10.5,69,22,15.2,278,268,0
20170928,20.5,14,52,14,9.4,279,269,0
20170929,24.9,13.7,65,13,6.6,283,269,0
20170930,17,11,52,10,5.3,283,270,0
20171001,16.4,10.7,63,7,2.9,279,270,0
20171002,19.3,11.7,65,12,5.8,276,271,0
20171003,15.8,9.7,62,10,4.7,274,271,0
20171004,15,9.5,65,10,4.6,274,272,0
20171005,15.5,8.3,64,8,3.6,276,272,0
20171006,13.6,8,59,8,4,276,272,0
20171007,12.1,8.3,53,7,3.7,277,273,0
20171008,15.4,10.9,47,9,5.7,282,274,0
20171009,16.6,9.6,45,13,8.3,290,274,0
20171010,16.4,12.9,48,8,4.9,295,274,0
20171011,15.6,12.7,50,7,3.3,288,275,0
20171012,17.7,11.1,56,11,5.2,291,275,0
20171013,19.5,11.3,44,10,6.3,292,276,0
20171014,21.9,12.1,55,13,7.8,295,276,0
20171015,24.6,12,70,18,11,286,277,0
20171016,25.9,16.3,63,24,12.8,283,278,0
20171017,17.8,12.2,50,30,17.3,280,278,0
20171018,21.7,10.1,53,25,15.7,289,279,0
20171019,22.2,11.9,64,20,11.5,285,279,0
20171020,17.9,11.4,67,8,3.7,279,280,0
20171021,17.7,10.9,61,7,3.1,274,280,0
20171022,12.7,8.3,61,6,2.6,282,281,0
20171023,14.2,8.2,49,7,3.7,279,282,0
20171024,16.6,12.6,33,7,3.2,274,282,0
20171025,16.1,13.8,44,11,6.3,270,283,0
20171026,16.4,12.4,34,12,8.4,272,284,0
20171027,14.6,7.5,59,10,5.3,277,284,0
20171028,13.9,6.4,48,11,6.8,280,285,0
20171029,14,5.4,68,10,5,274,285,0
20171030,11.4,4.5,52,11,5.7,274,286,0
20171031,11.4,6.5,47,14,9.3,275,287,0
20171101,14.5,6.5,49,14,10.1,274,287,0
20171102,11.5,6.7,38,26,19.8,269,288,0
20171103,14.2,7,40,30,24.4,266,289,0
20171104,13.7,7.8,50,16,13.2,266,289,0
20171105,10.3,3.5,56,9,6.3,267,290,-1
20171106,10.9,2.1,46,13,7.9,269,290,0
20171107,10.6,0.5,32,22,16.1,270,291,0
20171108,6.5,2,12,33,27.7,272,292,0
20171109,9.2,5.8,25,26,22.7,276,292,0
20171110,10.2,5.9,49,11,7.7,280,293,0
20171111,8.5,5.1,45,11,8.2,282,293,0
20171112,7.8,3.7,61,9,6.1,285,294,0
20171113,9.8,2.2,55,9,4.7,290,295,0
20171114,8.7,1.7,33,14,9.6,292,295,0
20171115,9.1,7,24,14,11.4,294,296,0
20171116,9.7,7.1,29,16,12.7,296,296,0
20171117,10.7,1.7,48,16,9.3,298,297,0
20171118,7.9,0,44,14,10.5,299,297,0
20171119,9,1.3,50,11,6.4,301,298,0
20171120,9.9,1.9,40,10,8.1,300,299,0
20171121,10.6,9.3,46,12,8.6,302,299,0
20171122,13.5,9.3,52,15,11.3,304,300,0
20171123,16.6,9.5,61,10,4.9,303,300,0
20171124,10.3,3.9,51,9,5.3,301,301,0
20171125,6.1,2.2,45,9,6.6,299,302,0
20171126,6.2,1.4,47,8,5.3,299,302,0
20171127,7.9,2.4,53,6,3.3,296,303,0
20171128,7.4,0.6,58,8,4.5,294,304,0
20171129,4.8,0.1,32,13,10.5,293,304,0
20171130,3.2,0.1,46,9,7.1,295,305,0
20171201,2.3,-1.4,42,20,18.5,302,305,0
20171202,-0.6,-2.3,16,28,25,306,306,0
20171203,2.7,-1.4,20,20,18.6,308,307,0
20171204,6.6,2.7,19,21,15.8,312,307,0
20171205,6.4,3,25,19,15,320,308,0
20171206,7.2,5.8,36,18,14.2,323,308,0
20171207,7,2.4,52,11,8.4,324,309,0
20171208,5.2,-0.4,51,8,3.8,324,310,0
20171209,2.5,-1.1,50,9,5.8,322,310,0
20171210,8.3,0.1,63,7,4.5,326,311,0
20171211,2.5,-0.3,51,7,5.1,329,312,0
20171212,1.8,0.2,51,12,9.5,331,312,0
20171213,7.8,1.2,57,7,4,331,313,0
20171214,4.5,1.4,72,5,2.2,331,313,0
20171215,4.4,1.3,61,9,6.5,325,314,0
20171216,3.6,-0.7,44,12,8.8,327,314,0
20171217,4.4,-1.3,36,15,12.2,327,315,0
20171218,7.7,3.2,53,14,8,325,315,0
20171219,5.4,2.4,29,19,14.8,325,316,0
20171220,7.6,5.4,17,17,13.3,321,316,0
20171221,9.7,7.5,13,13,10.2,324,317,0
20171222,9.7,8.6,29,17,14,330,317,0
20171223,9.4,7.8,49,9,7,335,318,0
20171224,8.8,7.8,55,5,2.2,332,318,0
20171225,8.2,3.9,58,5,2.1,336,319,0
20171226,6.9,3.5,62,6,2.9,334,319,0
20171227,6.8,2.2,63,5,2.2,337,319,0
20171228,4.4,0.4,60,9,5.3,336,320,0
20171229,5.7,-0.4,63,8,5.8,332,320,0
20171230,12.9,3.8,69,11,6.4,333,320,0
20171231,13.9,7.3,73,5,2,336,321,0
20180101,8.4,4.6,80.4,5.3,2.3,337,321,0
20180102,9.9,5.4,67.2,7.3,3.8,342,321,0
20180103,12,6.6,81.3,10.4,5.8,340,322,0
20180104,11.9,6.3,75.9,9.8,5.5,339,322,0
20180105,9.5,5.6,76.3,7.8,4.1,337,322,0
20180106,7,3.3,57.5,15.1,11.7,336,322,0
20180107,5.4,1.8,34.7,11.4,10.2,334,323,0
20180108,5.2,1.6,28.8,15.1,12.7,333,323,0
20180109,7.5,0.6,23.1,23.3,18.6,330,323,0
20180110,7.6,4.2,39.7,9.3,6.5,330,323,0
20180111,8,4.9,25.6,19.6,16.2,330,324,0
20180112,6.9,4.5,13,35.8,30.4,332,324,0
20180113,4.9,2,32.3,24.7,21.6,331,324,0
20180114,7.2,0.2,29.3,23.7,20.9,329,324,0
20180115,8,2.7,58,11,9,325,324,0
20180116,7.8,3.4,71.9,6.3,2.7,323,325,0
20180117,5.8,2.4,74.6,8.3,3.8,328,325,0
20180118,10.8,2.3,74.9,6,2.6,332,325,0
20180119,6.2,1.2,61.3,7.2,3.7,333,325,0
20180120,3.3,1.4,60.1,8.2,6.2,335,325,0
20180121,4.6,-0.4,56.7,12.4,9.5,333,326,0
20180122,9.4,3.2,57.3,10.7,6.9,336,326,0
20180123,11.1,6.2,59.7,8.2,4.9,331,326,0
20180124,13,7.9,60.9,4.8,1.8,327,326,0
20180125,9.3,6.9,71.4,7.4,3.9,321,326,0
20180126,8.1,3.9,47,16,11.4,322,326,0
20180127,5.5,2.4,53.2,17.1,13.9,322,326,0
20180128,10.4,5,58.5,6.3,4.4,332,326,0
20180129,10.3,6,66.6,5.9,2.8,331,327,0
20180130,9.4,0.6,53,13.2,9.1,334,326,0
20180131,9.4,2.9,68.1,5.1,2.1,335,326,0
20180201,6.6,1.5,61.2,6.8,3.6,335,326,0
20180202,5.3,2.2,48.4,8.1,5.4,332,326,0
20180203,4.2,0.8,36,13.9,11.2,332,327,0
20180204,2.9,-0.8,46.8,9.8,8.3,321,327,0
20180205,3.9,-2,38.6,16.3,14.1,324,327,0
20180206,0.5,-2.8,31.5,24.4,21.8,330,327,0
20180207,1.8,-3.3,34.7,33.2,29.1,333,327,0
20180208,4.3,-5,30.3,37.4,31.6,336,327,0
20180209,1.2,-2.1,47.1,24.5,22.7,341,327,0
20180210,6,0.9,61.6,11.6,8.6,341,327,0
20180211,7.2,0.8,68.9,5.4,2.3,352,327,0
20180212,5.7,-0.2,64.1,9.2,4.7,355,327,0
20180213,6.2,-0.4,71.1,8.6,5.2,356,327,0
20180214,6,-1.3,62.9,12.8,9.5,363,327,0
20180215,11,2.2,60.8,10.4,7.4,366,327,0
20180216,9.2,-0.1,58.3,17.4,9.9,363,327,0
20180217,9.1,0.2,43.6,25.4,18.9,366,327,0
20180218,8.4,-1.4,57.2,29.9,25.9,366,326,0
20180219,4.1,-0.4,45.9,26.8,23.6,368,326,0
20180220,5.6,0.5,35.1,40.2,34.6,369,326,0
20180221,4.9,-2.1,56.7,49.2,45,369,326,0
20180222,5.2,-3.2,62.2,26.5,22.2,374,326,1
20180223,3.8,-3.3,64.9,20.9,16.2,383,326,0
20180224,5.9,-4.2,67.7,19.4,14.4,390,326,1
20180225,2,-4.6,71.5,9.3,6.3,399,326,0
20180226,-0.4,-6,65.8,13.7,9.4,405,325,1
20180227,0.1,-7.2,73,14.4,9.3,413,325,1
20180228,-1.8,-8.8,68.8,29.8,21.6,421,325,1
20180301,0.8,-6.9,63.5,36.7,25,429,325,1
20180302,-1.6,-3,58.2,46.7,40.8,436,325,1
20180303,7.8,-3.3,52.9,49.7,46,435,324,1
20180304,11.5,1.7,62.6,14.8,13,438,324,1
20180305,12.6,3.2,70.9,10.7,7,438,324,1
20180306,11.5,5.7,65.3,16,11.5,441,324,1
20180307,7.5,3.7,55.9,11.7,9.3,435,323,1
20180308,8.5,2.6,72.5,7.8,4.9,430,323,1
20180309,9.5,3.4,62.6,11.2,8.3,426,323,1
20180310,14.1,9.3,57.7,9.2,6.5,428,322,1
20180311,16.3,10,71.6,7.8,5.4,417,322,1
20180312,13.1,8.2,73.5,5.4,2.5,410,322,1
20180313,8.3,4.6,67.8,7.8,5.2,400,321,1
20180314,13.9,4.2,77.7,13.1,9.6,394,321,1
20180315,8.8,5,64.3,12.1,9.5,389,320,1
20180316,13.1,3.2,65.7,14.7,11.3,384,320,1
20180317,3.1,-2.8,54.4,21.5,19.1,376,319,0
20180318,-0.1,-3,70.9,21.4,16.2,374,319,0
20180319,3.3,-2.2,74.8,20,12.4,374,319,0
20180320,8.4,-2.7,82,12.3,7,377,318,0
20180321,7,-0.5,74.6,18.8,12.4,374,318,0
20180322,6.4,2.5,56,15,12,370,317,1
20180323,6.8,3.4,73.2,16.6,12.7,364,317,1
20180324,12.8,4.4,80.1,17.4,14.2,362,316,0
20180325,13.2,0.7,70.9,32.5,28.6,364,316,0
20180326,11.6,2.8,80.9,25.1,19.9,358,315,0
20180327,9.1,2.3,62.6,18.4,14.3,349,315,0
20180328,10.1,3.8,71.8,9.7,7.2,347,314,1
20180329,10.8,3.6,86.8,9.9,6.5,349,314,0
20180330,13.9,4.3,82.4,6.6,3.4,345,313,0
20180331,13.5,3.7,83.7,7.2,4.8,339,313,0
20180401,7.9,3.4,74.3,18.1,16,330,312,0
20180402,15.3,4,82.1,10,7.7,326,312,0
20180403,16.4,9.7,78.1,6.8,3.6,323,311,0
20180404,14.9,7.5,84.3,5.6,2.9,319,311,0
20180405,9.9,3.1,84.5,8.1,4.1,313,310,0
20180406,17.3,2.4,87.3,11.2,6.6,314,310,0
20180407,21.8,10.5,93,15.5,7.4,315,309,0
20180408,24.4,11.3,92,26.6,15.2,319,309,0
20180409,17.5,11.2,61,46,36.1,321,308,0
20180410,20.4,10.6,89.8,13.3,8.9,314,307,0
20180411,15.2,7,78.3,13.2,9.7,309,307,0
20180412,12.4,8.1,49.9,39.1,33.2,308,307,0
20180413,15.6,6.1,76.5,19.7,15.9,300,306,0
20180414,18.8,5.9,84.7,23.5,20.5,295,305,0
20180415,17.9,9.6,85.7,8.4,6,285,305,0
20180416,16.7,7.8,82.8,11.2,5.9,284,304,0
20180417,20.8,7.8,101.6,17.2,8,292,304,0
20180418,25.8,9.9,109.8,20.9,8.9,293,304,0
20180419,28.2,14.7,120.8,23.4,11.1,291,303,0
20180420,27.4,15.1,122,33.3,18.9,292,302,0
20180421,24.2,9.9,132.3,55.2,42.3,299,302,0
20180422,26.6,12.1,112.7,33.7,20.6,297,301,0
20180423,17.3,9,83.3,14,7.2,292,301,0
20180424,16.5,8.4,77.2,11.3,5.4,284,300,0
20180425,15.8,9,83.9,9.4,3.7,281,300,0
20180426,15,6.7,84.6,9.9,3.6,277,299,0
20180427,18.5,4.8,98.5,12.6,4,275,299,0
20180428,16.2,7.9,81.2,9.4,4.5,266,299,0
20180429,11.7,7.6,59.6,16.6,13.6,260,298,0
20180430,13.1,4.4,70,5.7,2.8,254,298,0
20180501,14.1,4.4,84.6,9.8,6.6,256,297,0
20180502,16.9,5.1,93.4,9.6,4.8,261,297,-1
20180503,15.9,5.8,95.1,12,7.4,266,296,0
20180504,19,4.2,105.9,19.2,11.3,268,296,0
20180505,22.7,8.4,114.8,20.7,10.7,273,295,0
20180506,27,9.8,119.5,17.2,9,287,295,0
20180507,26,11.1,123.9,16.7,6.3,288,294,0
20180508,27.3,12.2,138.6,24,11.3,285,294,0
20180509,23.7,13.2,117.2,34.6,23.3,283,293,0
20180510,16.6,7.4,86,13.7,8.9,280,293,0
20180511,20.1,5.5,99.6,15.7,9.8,279,292,0
20180512,24,10.3,103.2,16,9.5,278,292,0
20180513,14.7,10.6,78.2,15.3,12.7,269,291,0
20180514,18.2,11,82.5,34.9,29.5,271,291,0
20180515,24.4,11.3,117.1,38.1,26.9,270,290,0
20180516,21.9,10.9,94.8,33.3,22,265,290,0
20180517,16.3,8.3,86.3,20.5,10.2,264,289,0
20180518,16.3,6.7,83.6,19.4,11.3,260,289,0
20180519,14.4,5,79.8,23.3,16.8,259,289,0
20180520,23.4,8.3,104.4,23.8,17.5,263,288,0
20180521,24.2,13.7,108.2,14.1,9,265,288,0
20180522,24.2,12.4,96.8,17.7,11.8,269,287,0
20180523,23.4,13.6,87.5,26.6,20.7,273,287,0
20180524,24.4,13.7,90.9,23,16.3,277,286,0
20180525,25.9,12.4,115.8,23.5,18.3,281,286,0
20180526,29.2,15.8,129.2,22,16.4,284,285,0
20180527,26.7,18.1,101.1,15.9,9.7,285,285,0
20180528,29,16.9,122,18.4,10.3,284,284,0
20180529,24.9,16.6,102.6,25.3,18.4,281,284,0
20180530,26.2,15,86.4,15.4,9.8,283,283,0
20180531,26.5,18.4,96.6,13.3,8.2,278,283,0
20180601,19.8,15.7,67.4,17,12.9,270,283,0
20180602,19.6,14.5,66.7,11.1,7.6,266,282,0
20180603,25.1,12.4,97.8,12.2,8.5,261,281,0
20180604,25.2,16,117.1,25,19.4,260,281,-1
20180605,19.5,14.6,95.4,26.4,20.3,261,281,0
20180606,28.2,12.8,114.1,26.3,16.6,257,280,0
20180607,26.2,17.8,89.1,16.9,11.8,256,279,0
20180608,23.8,15.6,99.9,33.8,27.3,260,279,0
20180609,24,15.3,108,34.7,27.1,254,278,0
20180610,25,16.4,104.6,25.1,18.5,253,278,0
20180611,22.9,15.1,84.1,22.4,15.5,247,278,0
20180612,18.7,12.1,63.1,18.1,12.9,249,277,0
20180613,19.3,10,72,9.5,4.5,249,277,0
20180614,19.3,10.3,73.5,12.7,6.3,245,276,0
20180615,23.9,10.8,89.6,12.9,6.4,243,276,0
20180616,22.4,12,79.2,12,5.9,247,275,0
20180617,19.1,13.5,66.2,8.4,3.7,252,275,-1
20180618,20.5,14.7,64.5,7.6,3,253,274,0
20180619,20.3,13.9,61.2,6.9,3.2,246,274,0
20180620,26.2,16.7,65.8,7.9,3,245,273,0
20180621,18.1,9.7,72.2,12.6,4.2,254,273,0
20180622,17.4,7.2,73.6,12.4,4.2,260,272,0
20180623,21.5,6.7,85.8,12.8,6.1,263,272,0
20180624,20.8,11.4,85.5,13,7.9,258,272,0
20180625,23.4,12.4,76.9,9.8,4.9,263,271,0
20180626,24.8,11.9,98.9,17.9,9.4,270,271,0
20180627,26.7,14.1,101.3,21.1,11.3,276,270,0
20180628,28,15.6,127.3,17.1,6.5,277,270,0
20180629,28.6,17.1,131.3,15.7,5.7,283,269,0
20180630,30.2,15,144.2,20.2,9.5,282,269,0
20180701,29,17.7,119.7,12.4,2.9,285,268,0
20180702,28.5,15.4,135.4,14.3,3,290,268,0
20180703,30.4,15.4,143,17.6,4.3,292,267,0
20180704,29,17.6,134,21.3,9.6,294,267,0
20180705,26.3,16.5,115.5,16.7,8.3,293,267,0
20180706,27.3,16.3,131.7,19.2,10.6,284,266,0
20180707,27.3,15.4,118.3,20.3,10.9,283,266,0
20180708,26.1,15.8,101,11,4.3,278,266,0
20180709,24.5,14.9,82,11.2,5.3,268,266,0
20180710,17.4,14.1,61.8,11.7,5.8,264,265,0
20180711,22.3,12.8,89.3,17,9.2,261,265,0
20180712,24.9,15.8,95.3,20.6,12.2,257,265,0
20180713,26,14.7,99.8,16.7,9,261,264,0
20180714,28,14.6,115.7,15.4,7.9,261,264,0
20180715,29.7,15.6,127.1,11.9,5.4,267,264,0
20180716,30.5,16.6,140.9,14,5.8,276,264,0
20180717,26.6,15.5,106.9,14.3,5.5,279,263,0
20180718,26.2,12.5,94.2,10.8,3.7,280,263,0
20180719,27.5,13.3,127.7,17.1,7.1,280,263,0
20180720,26.7,14.4,110.8,20.1,9.5,277,263,0
20180721,26.5,16.8,123.8,17.9,9,277,262,0
20180722,28.7,12.9,131.8,16,8.9,277,262,0
20180723,29.7,20.2,123.8,16.1,7.3,281,262,0
20180724,31.2,18.1,140.4,19,8.4,282,262,0
20180725,32.5,20.9,167.1,19.9,9.6,289,262,0
20180726,36,21.3,164,22.8,11.9,297,262,0
20180727,35.7,20.9,143.7,18.9,7.6,304,262,0
20180728,24.9,16.6,104.6,12.5,5.8,311,262,1
20180729,27,16.3,79.5,10.5,3.3,315,262,0
20180730,29.3,19.8,69,9.5,2.7,311,262,0
20180731,27.1,19,78.9,8.8,2.9,307,262,0
20180801,29.2,16.2,107.6,12.8,3.8,307,262,0
20180802,30.5,16.9,147.3,16.9,5.7,299,262,0
20180803,33.2,18.2,181.7,23.1,9.9,296,261,0
20180804,31.3,18.2,141.4,17.6,7.7,296,261,1
20180805,28.2,17.7,99.4,10.3,5.3,293,261,0
20180806,33.2,16.3,140.7,14.7,4.4,297,261,0
20180807,35.1,17.6,147.7,26.8,8.5,297,261,1
20180808,23.3,15.6,107.5,13.4,6.5,286,261,0
20180809,23.4,13.6,64.1,10.7,5.9,284,261,0
20180810,22.4,12.4,74.5,7.2,2.6,284,261,0
20180811,21.7,12,79.8,6.4,2.8,274,261,0
20180812,28.2,13.9,94.3,6,2.3,270,261,0
20180813,21.3,16.2,67.7,6.3,3,266,261,0
20180814,23,15.5,61.5,11.7,6.8,262,261,0
20180815,21.2,16.1,60.6,8.2,4.6,261,261,0
20180816,27.1,16,85.2,12,6.1,265,261,0
20180817,23.1,13.9,69.7,9.3,5,258,261,0
20180818,21.5,12.1,67.9,11,5.5,256,261,0
20180819,24.6,14.2,64.8,11.2,6.4,259,262,0
20180820,23.1,18.6,45,10.1,5.9,255,262,0
20180821,26.7,15.9,74.9,15.4,9.3,256,262,0
20180822,25.3,16.4,79.5,18.6,11.3,254,262,0
20180823,23,15.1,59.6,12.9,7,256,262,0
20180824,19.2,14.3,59.5,8.5,3.3,254,262,0
20180825,18.5,10.2,57.6,5.3,2.1,260,263,0
20180826,18.5,8.9,67.7,5.7,2.8,258,263,0
20180827,19.8,13.7,63.2,8,3.7,258,263,0
20180828,21.3,14.4,71.8,9.8,4.4,254,263,0
20180829,21.5,13,63.1,18.1,12.4,259,264,0
20180830,20.4,13.2,69.1,9.4,5,256,264,0
20180831,20.3,12.3,64.6,8.7,3.6,260,264,0
20180901,21.7,8.6,82.2,10.7,5.8,263,265,0
20180902,24,11,98.6,10.8,6.1,262,265,0
20180903,20.9,15.7,80.3,18.3,11.4,264,265,0
20180904,24.8,17.6,81.9,30.1,23.6,273,266,0
20180905,24.8,17.6,93.4,31.9,25.4,272,266,0
20180906,22.4,13.5,80.4,19.7,15.6,270,266,0
20180907,18.3,11.1,61.8,9.6,5.7,270,267,0
20180908,19.4,9.1,71.2,7.1,3.2,266,267,0
20180909,25,12.6,86.2,7.2,3.2,266,267,0
20180910,23,14.6,71.2,10.1,4.3,264,268,0
20180911,25.8,15.1,82.3,9.3,2.9,257,268,0
20180912,20.1,14,60.4,9.8,5.6,257,268,0
20180913,19.4,11,52,12.6,8.7,255,269,0
20180914,19.9,7.4,73.8,14.2,7.9,258,269,0
20180915,20.6,10.6,64.9,8.7,4,265,270,0
20180916,23.3,9.8,85,9.2,4.2,271,270,0
20180917,26.3,10.9,96.6,14,4.9,272,271,0
20180918,25.7,15,85,18.3,6,274,271,0
20180919,24.6,14.5,76.2,18.3,7.8,278,272,0
20180920,24.5,16.1,72.8,17.2,6.4,279,272,0
20180921,20.3,11.9,71.3,10.3,3.3,272,273,0
20180922,15,10.3,61.2,6.6,2.8,265,273,0
20180923,12.1,8.1,51.5,5.6,3.2,257,273,0
20180924,15.1,6.2,59.6,6.9,3.1,261,274,0
20180925,16.8,4.1,63.3,9.3,4.5,260,275,0
20180926,19.9,5.1,65.7,11.6,5.6,257,275,0
20180927,22.3,7.5,84.5,16.1,7.9,259,276,0
20180928,16.1,8.5,54.6,14.7,8.6,267,276,0
20180929,16.4,5.4,59.4,10.1,4.8,269,277,0
20180930,17,3.6,68.6,14,8.2,278,277,0
20181001,12.1,6.1,63.2,8.2,4.1,275,278,0
20181002,15.8,7.1,43.7,8.3,4.6,280,279,0
20181003,16.6,10.7,60.3,13.8,7.2,281,279,0
20181004,19.3,10.3,53.1,12.7,7.2,280,280,0
20181005,22.2,8.4,65.9,17.4,9.9,280,280,0
20181006,23,12.1,79.2,19.4,10.9,272,281,0
20181007,15.6,7.1,61.6,10.2,7.5,272,282,0
20181008,16.8,4.9,52.6,15.7,8.9,275,282,0
20181009,20.7,5.8,52.6,23.3,14.2,275,283,0
20181010,22.7,10.5,64.8,26.7,18.9,279,284,0
20181011,24.1,15.7,70.3,11.1,5.9,283,284,0
20181012,23.1,14.1,61.7,9.3,3.8,288,285,0
20181013,25.6,16.9,71.9,11.1,4.9,297,285,0
20181014,24.4,15.9,82.5,12.2,5.6,293,286,0
20181015,23.9,13.3,81.6,19,10.2,289,286,0
20181016,25.6,12.7,70,26.6,14.4,286,287,0
20181017,20.2,11,64,27.8,18.7,277,288,0
20181018,16.7,11.2,48.2,20.2,15.6,277,288,0
20181019,16,9.2,42.1,22.7,15.9,270,289,0
20181020,14.7,6.3,47.6,27.1,19.9,265,289,0
20181021,16.9,5.8,52.9,27.6,20.8,266,290,0
20181022,15,4.8,54.2,14.1,9.1,266,290,0
20181023,14.5,4.7,44.7,14.9,7.3,270,291,0
20181024,16,10.7,36.3,13.1,8.3,274,292,0
20181025,12.9,9.9,45.7,20.7,15.3,273,292,0
20181026,11.7,4.9,48,15.5,11.5,274,293,0
20181027,9,3.9,48.4,9.4,6.8,277,293,0
20181028,6.3,2.1,47.2,10.1,8.1,272,294,0
20181029,5.5,2.1,38.2,11.8,10,273,295,0
20181030,8,2.1,37,5.6,3.1,268,295,0
20181031,11.7,2.6,39.9,9.3,6.4,272,296,0
20181101,12.2,8.9,47,6.7,4,269,296,0
20181102,11.5,2.5,52,11.9,7.9,273,297,0
20181103,9.9,1.8,39.3,17.7,13.4,278,298,0
20181104,14,2.7,32.7,26.4,22.6,285,298,-1
20181105,14.8,7,16.3,26.2,21,286,299,0
20181106,19.2,11.9,40.9,14.3,8.5,287,300,0
20181107,12.8,8.8,56.2,5.4,2,284,300,0
20181108,13.5,5.7,54.3,10.8,5.7,291,301,0
20181109,13.2,6.4,35.2,12.5,8.2,292,302,0
20181110,12.2,10.7,55.8,5,2.2,289,302,0
20181111,13.1,10.3,60,5.2,2.6,286,303,0
20181112,10.5,8.8,49.3,6.7,3.8,288,303,0
20181113,13.1,7.5,57.1,9.3,5.5,288,304,0
20181114,13.4,6.2,41.9,11.4,7.1,289,305,0
20181115,16.9,5.6,24.1,13.3,9.3,288,305,0
20181116,6.7,1.7,19.7,15,11.6,285,306,0
20181117,9.5,-0.1,39.5,18.8,15.2,282,306,0
20181118,7.8,0.4,42,17.8,15,289,307,0
20181119,6.3,0.5,41.6,10.4,8.1,289,308,0
20181120,4.4,2.1,44.1,20.6,17.8,293,308,0
20181121,6.3,-1,23,29.8,25.4,293,309,0
20181122,6.4,-0.8,15.8,31.4,26.3,294,310,0
20181123,11.5,2.3,21.2,27.4,22.4,293,310,0
20181124,6.8,3.7,19.7,20.8,18,300,311,0
20181125,5.6,2.5,19.5,21.5,18.9,297,311,0
20181126,5.6,3.3,12.7,26,23.5,298,312,0
20181127,5.8,3.6,19.3,27.9,24.8,295,313,0
20181128,10.9,5.5,38,8.2,6.2,302,313,0
20181129,12,9.2,47.4,6.8,3.8,302,314,0
20181130,11.4,7.4,54.6,9.2,5.3,300,314,0
20181201,9.9,5.1,55.9,8.1,5.2,299,315,0
20181202,13.7,9.9,56.8,4.6,1.9,300,316,0
20181203,13.6,8.2,60.2,6.6,3.3,301,316,0
20181204,8.6,3.6,61,12.3,7.2,309,317,0
20181205,10.6,4.3,31.6,11.8,8.7,308,318,0
20181206,12.1,10,54.4,8.5,5.6,309,318,0
20181207,11.2,6.1,64.2,5.6,2.5,316,318,0
20181208,10.8,6.1,69.4,7.3,3.7,314,319,0
20181209,9.6,4.2,77.1,6.7,3.4,313,319,0
20181210,7.7,2.3,58.9,8.3,4.7,316,320,0
20181211,6.6,0.3,38.9,19,12.4,311,321,0
20181212,5.8,-0.4,20.1,25.5,20.7,315,321,0
20181213,2.7,-1.9,29.6,14.1,11.4,319,322,0
20181214,2.2,-2.3,22.6,19.5,16.3,316,322,0
20181215,1.2,-1.2,36.5,22.6,20.2,322,323,0
20181216,4.3,0.3,39.7,12.4,11.1,323,324,0
20181217,8.8,4.3,50.4,9.8,6.5,323,324,0
20181218,9.1,6.1,54,7.7,4.6,326,325,0
20181219,9.4,6.5,53.4,6.5,3.5,323,325,0
20181220,8.4,6.6,59.5,6.2,3.3,322,325,0
20181221,12.8,7.8,69.1,9,4.9,320,326,0
20181222,11.5,7.4,68.9,9.8,5.8,312,326,0
20181223,11.7,6.4,54.6,8.6,5.5,311,327,0
20181224,7.7,0.4,57.1,9.7,6.6,309,327,0
20181225,5.7,-1.9,26.5,19,17.4,309,328,0
20181226,4.3,-2.2,18.7,23.1,20.2,319,328,0
20181227,4.8,-0.7,17.7,26.3,22.3,320,328,0
20181228,1.6,-2.1,9.5,31.7,28.7,322,328,0
20181229,7.8,1.6,28.2,21.6,18.7,327,329,0
20181230,8.4,3.4,39.6,13.9,10.6,333,329,0
20181231,9,7.1,31.5,17.3,14.2,337,329,0
20190101,7.9,4.7,62.7,12.3,9.4,340,330,0
20190102,6.2,4.1,70,12,6.5,331,330,0
20190103,5.2,2.3,50.2,12.2,8.8,327,330,0
20190104,4.3,2.2,44.8,21.1,18.5,331,330,0
20190105,5.7,3.2,48.1,13.2,10.9,338,331,0
20190106,5.1,3,47.5,24.4,20.1,333,331,0
20190107,8.7,2.1,42.5,24.4,19.9,330,332,0
20190108,8.7,4.3,68.3,8.7,4.6,325,332,0
20190109,6,3,71.4,8.4,3.7,330,332,0
20190110,4.4,1.8,53.4,14.5,8.6,333,332,0
20190111,7.2,1.7,52.7,12.3,9.7,335,332,0
20190112,7.5,5,53,11.8,9.4,330,333,0
20190113,9.5,6.7,61.7,6.9,4.7,333,333,0
20190114,7.8,3.6,67.8,8.6,4.6,331,333,0
20190115,7,2.4,48.9,11.2,8,334,333,0
20190116,6.2,4.8,57.2,11.4,8.5,332,333,0
20190117,5.5,1,61,6.6,3.9,328,333,0
20190118,2,-2.1,55.4,17,12.7,323,333,0
20190119,3.1,-3.1,42.8,16.4,13.8,324,333,0
20190120,1.4,-4.7,31,26.4,22.9,323,333,0
20190121,2.7,-6.1,18.8,42.9,34.7,329,334,0
20190122,-0.3,-2.9,36.1,29.3,27.2,334,334,0
20190123,0.4,-1.8,39.1,26.8,25.2,335,334,0
20190124,1.4,-2.3,33.1,36.6,34,340,334,0
20190125,4.2,-2.5,34,24,22.8,342,334,0
20190126,7.3,4.3,60.8,8.8,6.4,344,334,0
20190127,7.5,2,68.9,5.3,2.6,349,334,0
20190128,4.4,1.2,61.4,6.1,3,350,334,0
20190129,4.7,-0.9,55.1,11.5,8.3,345,334,0
20190130,1.6,-1.8,51.4,12.9,10.8,344,334,0
20190131,-0.3,-3.6,50,12.1,10.9,344,334,0
20190201,5.8,-1.6,50.6,14.7,11.7,345,334,0
20190202,3.2,0.3,31,17.8,15.8,349,334,0
20190203,5.5,-0.9,48.1,15.5,12.8,346,334,0
20190204,3.3,-1,54.1,9.2,7.2,354,334,0
20190205,5.7,1.8,54.9,11,9.1,354,334,0
20190206,7.5,2.4,48.9,11.8,10.1,360,334,0
20190207,9.7,5.6,70.3,7.7,4,360,334,1
20190208,9.2,5.9,67.1,5.6,2.8,366,334,0
20190209,9.3,6.3,75,7.6,3.9,361,333,0
20190210,9.3,4.3,72.1,4.8,2.1,360,333,0
20190211,7.9,0.9,63.2,11.4,6.7,350,333,0
20190212,7.7,0.3,43.8,17.3,13.1,350,333,0
20190213,8,0.3,48.3,17.8,14.2,345,333,0
20190214,15.5,0.5,40.1,21.8,14.1,343,333,0
20190215,18.1,3.3,48,20.5,12.1,339,333,0
20190216,15,4.7,59.2,28.7,21.7,342,333,0
20190217,16.8,4.4,67.8,24.9,20.2,344,332,0
20190218,15.3,4.5,63.7,22.5,13.9,347,332,0
20190219,10.9,4.7,68.1,15.8,10.2,346,332,0
20190220,11.4,3.6,61.6,21.9,15.7,347,332,0
20190221,13.6,5.2,63.5,33.5,25.8,344,332,0
20190222,12.8,5.7,39,32,27.5,346,331,0
20190223,14.2,3.7,50.4,20.1,15.5,339,331,0
20190224,16.1,1.5,62.6,17.3,12.5,340,331,0
20190225,18.8,4.7,53.8,27.9,15.2,335,330,0
20190226,20.2,3.8,53.3,25.8,14.3,343,330,0
20190227,18.5,5.5,60.9,31.7,19.3,338,330,0
20190228,12,5.7,66.3,31.3,23.8,344,330,0
20190301,8.7,6,64.7,20.3,16.8,339,329,0
20190302,10.5,6.5,61.8,17.4,13.4,341,329,0
20190303,12.7,9.3,66.6,7.3,4.7,343,329,0
20190304,12.9,4.8,89.3,5.8,2.2,347,328,0
20190305,10.4,3.3,75.5,6.1,2.8,341,328,0
20190306,11.8,8.4,65.2,6.8,3.7,344,328,0
20190307,10.5,6.8,80.6,5.6,2.5,338,327,0
20190308,11,4.9,76.8,6.9,3.4,335,327,0
20190309,12.2,7.2,82.4,9.7,5.6,337,327,0
20190310,11.9,3.9,84,7.3,3.5,333,326,0
20190311,7.8,3,79.1,7.6,3.4,329,326,0
20190312,10.5,4.4,82.2,8.9,3.9,328,325,0
20190313,9.7,4.5,82.1,7.4,3.7,326,325,0
20190314,12,5.8,78.1,7.2,3.7,331,325,0
20190315,12.1,6.7,69.3,6.4,3.6,327,324,0
20190316,11.9,8.1,80.6,5.7,2.8,322,324,0
20190317,10.1,2.2,84.2,5.1,2.3,318,323,0
20190318,9.4,1.4,73.9,9.5,5.5,318,323,0
20190319,11,-0.1,73.9,16.7,10.9,318,322,0
20190320,13.4,4.9,73.5,15.2,10.2,316,322,0
20190321,14.9,4.5,75.3,22.7,16.9,307,321,0
20190322,18.8,5,76.8,32.5,25.4,311,320,0
20190323,11.3,7.4,61.1,36.7,31.3,308,320,0
20190324,11.5,3.9,74.9,15.7,11.6,303,319,0
20190325,9.5,3.6,87.6,12.1,6.1,297,319,0
20190326,10.3,4,85.7,15.9,9,290,318,0
20190327,10.6,2.7,78.2,26,19.1,286,318,0
20190328,12.3,5.5,65.4,29.9,23.2,293,317,0
20190329,17.6,4.1,71.7,25.7,19.6,291,317,0
20190330,18.7,8.1,93.3,26.2,18.8,292,316,0
20190331,13.9,6.7,81.5,30.2,24.3,295,316,0
20190401,17.2,2.7,74.7,21.7,13.8,302,315,0
20190402,16.6,5.7,82.3,22.3,16.4,307,315,0
20190403,9.6,2.8,77.4,6.2,3.2,314,314,0
20190404,10.9,1.5,75.6,9.3,6.3,310,313,0
20190405,13.3,1.3,79.8,18.1,14.5,302,313,0
20190406,14.6,7.1,68.4,25.5,21.9,302,312,0
20190407,18.7,8.3,78.8,40.5,35.1,300,312,0
20190408,11,8.3,55,60.7,55.4,289,311,-1
20190409,10.6,8.5,45.7,47.7,42.1,286,311,0
20190410,13.3,4.3,79.8,27.2,20.2,278,310,0
20190411,11.5,1.3,83.6,22,14.8,279,309,0
20190412,8.4,2.2,78.5,19.3,13.4,285,309,0
20190413,7.5,0.1,85,15.4,11.8,287,308,0
20190414,9.5,-0.5,74.8,29,25.1,291,308,0
20190415,16.4,1.4,88.8,25.5,19.8,296,307,0
20190416,18.2,7.6,87.4,21.9,15.7,296,306,0
20190417,14.8,9.6,78.6,29.8,25,297,306,0
20190418,22.1,8.4,113.9,23.9,14.1,297,305,0
20190419,24.5,11.2,114.7,20.5,10.6,298,304,0
20190420,24.7,11.1,126.9,23.2,13,295,304,0
20190421,24.4,10.2,137.4,28.9,19.2,293,303,0
20190422,25.2,11.4,128.2,19.5,10.8,288,303,0
20190423,21.4,12,103,26.6,10.2,291,302,0
20190424,22.5,9.7,96.2,18.5,6.5,294,301,0
20190425,16.3,8.7,76.4,5.7,2.1,291,301,0
20190426,17.3,8.1,84.2,6.4,2.7,294,300,0
20190427,12.3,7.9,78.8,9.1,3.9,294,299,0
20190428,11.9,6,74.1,6.3,3.9,289,299,0
20190429,15.7,4,82.6,15.4,12.5,291,298,0
20190430,15.2,7.1,92.5,23.8,18.9,290,297,0
20190501,15.6,5,101.2,36.2,30.9,290,297,0
20190502,12.5,5,75.2,31.3,26.9,285,296,0
20190503,11.8,5,83.8,13.5,9.6,284,295,0
20190504,9.7,2.6,77,6.3,3,282,295,0
20190505,10.8,1.9,90.1,9.2,5.6,288,294,-1
20190506,11.5,1.6,75.1,12.9,8.4,289,293,0
20190507,14,3.6,92.1,14.4,9.4,287,293,0
20190508,14.1,8.2,73.2,7.5,4.4,283,292,0
20190509,16.8,7.2,73.2,6.7,3.2,288,292,0
20190510,16.7,8.4,86.4,9.4,6.3,287,291,0
20190511,15.3,7.3,95.4,14.5,10.9,288,290,0
20190512,13.4,5.2,90,6,3.1,284,289,0
20190513,16,5,85.2,8.4,3.6,284,289,0
20190514,16.2,5.8,94.1,11.3,5.1,284,288,0
20190515,17.2,6.6,96.6,13.7,6.2,289,288,0
20190516,17.3,6.7,93,14.7,6.6,290,287,0
20190517,12.9,9.3,65.9,21.8,17.3,294,286,0
20190518,19.3,7.9,84.6,23.4,19,291,285,0
20190519,17.5,10.8,77.8,32.5,28.8,291,285,0
20190520,12.7,10,75.3,18.1,15.7,290,284,0
20190521,17.4,9,85.4,17.2,13.3,286,283,0
20190522,19.5,8.6,94.3,16.5,11.3,284,283,0
20190523,21.8,8.4,113,12.9,6.5,283,282,0
20190524,22.2,10.9,108,15.6,8.3,275,281,0
20190525,18.1,8.5,83.3,19.3,15.1,281,281,0
20190526,19.8,9.6,68.9,11.6,7.7,275,280,0
20190527,18.9,12,75.1,8.7,4.4,272,279,0
20190528,14.8,8.9,65.6,7.9,4.4,271,278,0
20190529,19.1,6.3,85,11.2,7,274,278,0
20190530,20.7,12.5,65.8,6,2.9,274,277,0
20190531,20.6,12.2,63.3,7.1,3.5,277,276,0
20190601,26.6,12.6,89.6,8.7,4.9,275,276,0
20190602,29.8,15.8,100,8.9,4.2,281,275,0
20190603,19.8,13.2,73.2,10,4.8,279,275,0
20190604,27,11.8,96.5,12.9,6.1,284,274,0
20190605,18.2,10.2,75.4,10.4,6.2,280,274,0
20190606,17.2,9.6,73.4,7.1,3.6,277,273,0
20190607,20.9,9.4,88.3,8.3,3.2,272,272,0
20190608,17,10.6,80.3,7.9,2.6,265,272,0
20190609,18.9,8.8,74.8,6.8,3.2,262,271,0
20190610,21.6,11,78.4,9.3,6,261,270,0
20190611,18.8,9.1,80.7,7.1,3.5,262,270,0
20190612,17.2,11.1,70.9,7.9,5.5,261,269,0
20190613,18.3,11,77.7,5.7,1.9,260,269,0
20190614,23,10.5,101.3,7.3,3.1,265,268,0
20190615,21.8,12.8,83.4,9,5.8,268,267,0
20190616,21.2,12.6,64.1,5.6,2.5,275,267,0
20190617,24.9,12.2,81.7,7.4,3.4,279,267,0
20190618,27,14.4,117.3,14.1,7.5,271,266,0
20190619,27.2,16.4,89.9,13.7,7.8,268,266,0
20190620,21.2,11.8,72.1,11.3,6.9,271,265,0
20190621,20.3,10.7,80,6.9,2.9,274,264,0
20190622,23.3,11.3,115.5,15.5,9.6,278,264,0
20190623,28.4,15.1,108,15.4,10.5,279,264,0
20190624,30.6,19.4,113.6,14.3,8.2,274,263,0
20190625,32,20.7,118.9,25,14.2,281,263,0
20190626,26.8,17,136.8,31.6,22.6,281,262,0
20190627,25.5,14.6,110.9,16.9,8.3,278,262,0
20190628,26.3,12.5,104.7,16.9,7.3,279,261,0
20190629,32.6,16.6,135.6,13.2,5.5,275,261,0
20190630,25.3,16.9,108.1,17.8,8.7,274,261,0
20190701,23,14.2,87.3,10.7,4.1,270,260,0
20190702,22,11.8,91.6,10.2,3.7,270,260,0
20190703,21.3,12.9,90.6,10.5,3.6,276,260,0
20190704,23,11.4,99.2,13.5,4.2,273,259,0
20190705,25.7,13.7,112.1,16.8,6.6,264,259,0
20190706,25.8,14.8,104,14.4,7,254,258,0
20190707,20,13,78.2,7.8,3.7,251,258,0
20190708,18.7,10.3,79.2,7.4,2.3,252,258,0
20190709,21.1,10.2,89.2,9.9,3.4,250,258,0
20190710,22.5,12.2,96.7,14.6,5.9,251,257,0
20190711,24.7,16.8,102.5,15,7.2,253,257,0
20190712,21.6,14.5,80.2,13.3,7.3,256,257,0
20190713,20.7,15,68.9,7.5,4.8,266,256,0
20190714,18.9,13,65,6.4,3.2,266,256,0
20190715,17.8,10.8,63.5,7.8,4.4,268,256,0
20190716,20.6,12.6,72.2,11.9,7.7,269,256,0
20190717,24.6,10.9,96,19.2,13.1,265,256,0
20190718,22.8,15.3,85.1,15.6,8.5,265,256,0
20190719,24.1,15.8,76.5,9.8,4,264,255,0
20190720,26.3,16.9,68.2,9.3,3.4,262,255,0
20190721,24.1,14.7,75.4,9,4.4,271,255,0
20190722,28.2,14.4,90,8.2,3.2,288,255,0
20190723,33.9,17.3,136.4,12.5,5,309,255,0
20190724,35.9,21.8,156.6,24.6,9,319,255,1
20190725,39.7,23.5,165.5,34.1,14.2,326,255,1
20190726,31.5,21.5,160.2,26.2,11.4,326,254,1
20190727,21.4,17.5,98.6,15.8,11.3,328,254,1
20190728,19.4,14.6,54.9,9.1,5.1,317,254,0
20190729,25,13.1,90.1,8.7,3.7,305,254,0
20190730,25.4,15.7,82.8,11.7,3.5,283,254,0
20190731,21.8,15.5,64.5,7.8,2.6,273,254,0
20190801,24,15.2,75.3,10,4.1,269,254,0
20190802,21.7,13.9,85.4,14.4,8.4,267,254,0
20190803,21.3,15.6,74.7,12.6,7.8,262,254,0
20190804,26.5,14.2,100.5,12.6,6.9,263,254,0
20190805,25.4,17.8,77,10.1,4.4,257,254,0
20190806,23,15.8,70.5,7.8,3.3,253,254,0
20190807,23.8,15.6,66.9,8.8,3.7,250,254,0
20190808,23.9,14.7,75.1,8.7,3.2,248,254,0
20190809,24.9,18.6,61.2,7.4,3.2,247,254,0
20190810,24.5,16.3,74.5,9.8,3.7,251,254,0
20190811,20,14.6,64,9,4.2,250,254,0
20190812,21.6,12.1,64.6,6.7,2.8,245,254,0
20190813,18.2,10.8,65.5,6.7,3.1,249,254,0
20190814,20.4,10.7,64.9,6.3,2.9,250,254,0
20190815,20.9,14.4,55.8,6.4,2.8,250,254,0
20190816,22.3,13.6,60.8,8.7,4.3,249,254,0
20190817,19.2,15.7,48.3,5.8,2.5,245,255,0
20190818,20.8,13.9,54.8,5.7,2.5,252,255,0
20190819,20.7,12.5,67.3,8.2,3.3,256,255,0
20190820,21.4,11.7,80.4,9.6,4.1,253,255,0
20190821,22.5,9.6,99.1,12.3,5.7,257,255,0
20190822,24.4,11.7,104.8,14.8,7,261,255,0
20190823,26.6,11.9,134.4,20.5,10.7,270,256,0
20190824,29.4,14.8,130,21.4,13.5,278,256,0
20190825,30.9,16.5,135.7,20.1,13.3,275,256,0
20190826,31.3,16.9,147.2,30.1,19.8,284,256,0
20190827,33.3,19.6,135.9,30.5,18.9,288,257,0
20190828,29.5,19.1,108.9,23,13.4,287,257,0
20190829,22.1,13.3,75.8,13.4,8.2,285,257,1
20190830,23.6,11,89.4,12.4,5.5,281,257,0
20190831,31.1,13.1,107.3,15,5.7,272,258,0
20190901,20.9,11.1,76.6,7,3,273,258,0
20190902,20.5,9.5,78.3,9.8,3,263,258,0
20190903,18.9,12.9,64,9.4,3,262,258,0
20190904,21.2,12.2,70.4,8.5,3,262,259,0
20190905,17,7.8,65.5,7.6,3.1,259,259,0
20190906,19.4,6.4,75.2,9.3,3.7,256,259,0
20190907,17.4,12.4,57.5,7.7,4,262,260,0
20190908,17.2,8.6,70.8,6.4,2.6,258,260,0
20190909,17.3,6.7,73.9,7.8,3.5,260,260,0
20190910,20.8,8.8,86.5,10.6,4.6,259,261,0
20190911,18.6,12.4,57,10.2,5.8,258,261,0
20190912,23.5,16,54.4,6.2,2.6,258,261,0
20190913,21.8,14.4,49.5,8.1,4.1,258,262,0
20190914,22.4,11.3,80.5,10.9,5.3,257,262,0
20190915,24,9.7,99.3,12,6.3,258,263,0
20190916,20.8,13.3,57.7,15.1,8.8,260,263,0
20190917,18.7,9.7,76.2,11.7,5.7,262,263,0
20190918,17.6,6.8,69.5,10.6,3.4,264,264,0
20190919,17.3,7.9,68.2,9.4,3.4,271,264,0
20190920,20.1,6.4,71.3,13.7,4.6,278,265,0
20190921,27.1,8.8,94.3,14.1,4.4,278,265,0
20190922,26,15,86.3,10.1,3.4,274,266,0
20190923,19.8,13.9,56.4,8.2,3.8,272,266,0
20190924,17.5,13.1,48.4,6.2,2.5,273,267,0
20190925,16.7,13,44.2,7.1,3.4,273,267,0
20190926,19,13.4,54.3,6.5,3.4,270,268,0
20190927,19.1,12.8,57.4,6.9,2.9,263,269,0
20190928,16.2,12.9,53.1,5.5,2.3,270,269,0
20190929,18.2,12.7,58.7,5.1,2,276,270,0
20190930,17.5,12,56.4,6,2.3,279,270,0
20191001,18.2,13.6,51.8,5.5,2.1,281,271,0
20191002,14.3,6.4,59,5.9,2.2,288,272,0
20191003,13.6,5.5,47.5,7.9,3.5,290,272,0
20191004,15.8,9.1,53.2,8.3,4.4,291,273,0
20191005,12.6,8.7,43.2,11.4,8.6,283,273,0
20191006,15.9,9.7,49.8,6.7,3.9,284,274,0
20191007,13.3,8.9,41.9,11.5,8.4,284,274,0
20191008,14.9,11.5,47.7,7.7,3.6,280,275,0
20191009,12.4,9.9,55.1,6.4,2.8,274,275,0
20191010,16.1,8.6,54.9,6.9,2.7,276,276,0
20191011,17,12.1,54.1,6.7,3,279,276,0
20191012,18.7,13.3,57.8,7.8,3.8,279,277,0
20191013,23.2,14.6,65,10.6,5,272,278,0
20191014,22.8,11.3,65.5,11.8,5.3,272,278,0
20191015,17.5,12,60.9,6.8,2.9,276,279,0
20191016,13.8,10.2,48.3,5.3,1.9,278,279,0
20191017,15.5,11.3,53.8,6.4,2.9,279,280,0
20191018,14.7,11.5,69.7,5.8,2,282,280,0
20191019,13.5,10.1,56.6,5.8,2.8,285,281,0
20191020,11.3,9.5,41.5,10.2,7.2,295,281,0
20191021,12.4,10.5,46.8,7.6,4.7,296,282,0
20191022,15,10.6,47,10.8,6.3,295,283,0
20191023,17.4,11,24.4,21.9,14.1,302,283,0
20191024,19.8,12.3,61.6,13.8,7.3,293,284,0
20191025,15.5,10.5,53.9,6.8,2.8,290,285,0
20191026,19,13.7,55.5,5.8,2.1,290,285,0
20191027,14.3,4.2,57.2,9,4.5,285,286,0
20191028,12.9,3.2,43.6,12.2,6.9,282,287,0
20191029,11.8,4.7,55.8,14.5,9,279,288,0
20191030,9.8,2.8,32.4,19.4,14.3,272,288,0
20191031,10.3,1,32.5,22.5,16.9,276,289,0
20191101,14.7,5,39.2,10.7,7.9,278,290,0
20191102,14.7,10.2,63.3,5.9,2.5,280,290,0
20191103,12.7,9.2,53.2,5.3,2.6,282,291,0
20191104,13.2,8.8,51.7,5.8,2.4,283,292,0
20191105,9.8,6.5,50,9.5,5.1,283,292,0
20191106,10.1,6.8,30.5,13.2,8.5,288,293,0
20191107,10,4.4,52,6.8,3.6,284,294,0
20191108,9.4,3,40.6,11.6,7.2,280,294,0
20191109,8.7,2.1,40,13.2,10,275,295,0
20191110,10.3,0.8,37.8,15.9,12.9,275,296,0
20191111,6.8,4.2,48.8,7.2,4.6,279,296,0
20191112,6.8,3,57.6,5.3,2.2,282,297,0
20191113,8.7,4.7,53.8,7.7,5,280,298,0
20191114,6.4,4.5,48.5,6.7,3.3,287,298,0
20191115,5.3,1.4,29.1,13.6,9.5,296,299,0
20191116,6.4,-0.2,41,10.1,7.4,298,299,0
20191117,7.5,0.4,28.9,18.6,15.8,302,300,0
20191118,7.3,3.8,49.6,13.3,11.1,303,301,0
20191119,7.7,-1,50.6,12.8,7.8,308,302,0
20191120,6.5,-2.4,36.3,16.3,12.9,309,302,0
20191121,5.9,-1.3,22.9,21,18.3,312,303,0
20191122,10.9,5.6,49.5,9,7,310,304,0
20191123,8.4,5.2,30.4,16.4,12.6,317,304,0
20191124,12.3,3.6,22.1,18.7,15.7,314,305,0
20191125,12.7,5.7,40.5,10.2,7.5,313,306,0
20191126,11.8,9.3,51.9,6.6,3.9,308,306,0
20191127,11.1,9.3,61.6,5,2.4,306,307,0
20191128,10.2,8.2,58.5,5.5,2.8,302,308,0
20191129,8.1,1.6,48.7,10.3,5.4,298,308,0
20191130,8.1,-0.2,34.5,16.9,13,292,309,0
20191201,3.4,-0.5,37.1,13.3,10.8,292,309,0
20191202,6.8,-2.5,26.5,21.4,17.4,292,310,0
20191203,5.3,-0.2,21.3,22.3,18.8,302,311,0
20191204,8.8,-0.7,20.4,23,18.3,306,311,0
20191205,2.6,-1.8,21.7,27.6,24.9,307,312,0
20191206,8.8,1.2,44.8,10,8.2,308,313,0
20191207,9.2,7.8,52.4,7.4,3.9,314,313,0
20191208,10.9,6.6,70.3,6.9,3.5,316,314,0
20191209,7.7,4.3,72,7.2,3.6,319,315,0
20191210,7.3,0.7,57.3,8.8,5,313,315,0
20191211,6.6,4.7,55.3,7.5,4.3,311,316,0
20191212,5,2,62.2,5.6,2.7,315,316,0
20191213,6.5,3.3,62.8,6.3,3,321,317,0
20191214,8,4.5,75.3,7.8,3.9,326,317,0
20191215,9.9,5.4,76.6,8,3.7,327,318,0
20191216,9.3,6,59,8.6,5.6,329,318,0
20191217,15.4,7.5,53.8,7.7,4,331,319,0
20191218,10.1,5.9,50.5,10.3,7.3,333,319,0
20191219,14.3,10.1,56.3,10.9,5.4,332,320,0
20191220,12.8,7.7,65.8,5.1,1.8,327,320,0
20191221,8.6,6.3,61.4,5.5,2.2,324,321,0
20191222,8.8,6.6,65.1,5.5,2.6,317,322,0
20191223,9.3,5.8,61.4,7.2,3.6,310,322,0
20191224,11.1,6.3,69.9,9,5.2,311,323,0
20191225,9.1,1.6,64.7,9.8,6.6,305,323,0
20191226,7.5,0.6,37.9,11.3,9.2,305,324,0
20191227,7.7,5,42.7,11.9,10.4,305,324,0
20191228,6.4,0.2,35.9,17.5,15.1,302,324,0
20191229,5.7,-1.1,26.4,18.5,15.5,308,325,0
20191230,10.5,1.5,34.6,14.5,11.7,311,325,0
20191231,6.4,0.9,26.6,25.7,21.8,311,325,0
20200101,5.5,-0.7,28.2,20.3,18.1,317,326,0
20200102,8.6,1.4,31.7,11.7,10,316,326,0
20200103,9.6,3,59.9,7.5,4.4,325,326,0
20200104,7.5,2.2,54.5,12.2,8,328,327,0
20200105,7.1,5.5,47.9,12.4,9,337,327,0
20200106,8.4,2.2,52.9,10,7.6,345,327,0
20200107,8.4,5.3,48.4,14.8,10.7,341,328,0
20200108,11.6,8.4,48.8,6.6,4.2,341,328,0
20200109,12.4,10.6,50.3,6.1,3.1,341,328,0
20200110,10.7,4.8,62,7.1,3.9,335,328,0
20200111,7,3.9,55.8,9.9,7.4,338,328,0
20200112,9.1,4.6,59.3,7.4,5.1,330,328,0
20200113,10.3,6.1,54.4,7.3,4.5,324,329,0
20200114,11.5,8.6,62.1,4.9,1.9,326,329,0
20200115,11.5,4.6,66.7,6.1,3.2,327,329,0
20200116,11.6,3.7,57.5,8.2,5.5,329,329,0
20200117,10.3,4.4,65.8,6.7,3.6,327,329,0
20200118,7,0.3,61.8,10.8,6.2,323,330,0
20200119,7.1,-0.3,60.8,15.6,10.2,324,330,0
20200120,4.9,0.9,37.2,19.9,15.3,321,330,0
20200121,4.5,-2.4,22.9,22.8,18,321,330,0
20200122,4.1,-2.1,16.8,26.8,23.4,311,330,0
20200123,3.7,1.2,26.8,19.7,17.7,313,330,0
20200124,1.6,-0.4,19.8,24.8,22,313,331,0
20200125,3.1,-0.4,23.7,26.7,22.5,315,331,-1
20200126,10.9,1.4,44.2,24.3,19,315,331,0
20200127,9,5.1,59.4,7,3.6,316,331,0
20200128,6.7,2.3,77.1,5.2,1.7,324,331,0
20200129,7.7,2.2,69.6,8.7,4,334,331,0
20200130,11.9,4.6,61.8,6.5,3.3,335,331,0
20200131,12.1,9.3,58.4,4.8,1.9,336,331,0
20200201,11.8,7.7,72.3,7.4,3.7,334,331,0
20200202,12.6,6.2,72.4,8.1,4.4,334,331,0
20200203,10.8,5.4,72.2,8.7,4.7,329,331,0
20200204,6.6,3.6,69.9,7,3.3,316,330,0
20200205,8.2,1.7,61.3,12.7,8.1,314,331,0
20200206,8.8,0.1,43.7,27.5,20.4,309,330,0
20200207,10.5,-0.9,44.8,22,17.5,311,330,0
20200208,10.8,5.7,44.9,16.7,12.8,312,330,0
20200209,12.6,6.8,70.8,7.5,4.4,310,330,0
20200210,10.7,3.2,77.5,7.7,3.6,317,330,0
20200211,7.8,3.2,79.9,8.3,3.5,324,330,0
20200212,8,2.8,71.8,7.8,3.3,328,330,0
20200213,9.4,4,69,6.2,3,328,330,0
20200214,9.7,5.5,62.3,8.7,4.9,322,330,0
20200215,12.5,7.7,67.4,9.3,5.3,322,329,0
20200216,16.6,7.3,77.6,5.1,2,328,329,0
20200217,10.3,6.2,82.4,6.9,2.9,329,329,0
20200218,8.7,4.8,70.6,6.6,2.9,327,329,0
20200219,7.8,3.5,73.2,6.7,2.9,325,329,0
20200220,10.7,3.5,73.3,6.2,3,327,329,0
20200221,9,2.4,69,8.1,3.6,332,329,0
20200222,9.8,5.3,64.6,7,3.9,335,328,0
20200223,12.3,4.9,66.8,5.8,2.6,331,328,0
20200224,11.5,4.3,62.5,5,1.8,328,328,0
20200225,9.7,3.4,76.5,5.4,1.9,324,327,0
20200226,5.2,0.5,74.7,5.3,2.3,321,327,0
20200227,2.8,0.6,59.3,6.1,3.6,319,326,0
20200228,8.9,-0.1,69.3,9.9,5.8,323,326,0
20200229,12.4,4.3,76.7,15.9,6.6,317,326,0
20200301,9,4.4,76.2,6.2,2.8,317,325,0
20200302,7.6,3,66.2,5.9,3.1,317,325,0
20200303,7.3,1.8,69.5,7.4,4,319,325,0
20200304,8.2,2.7,62.7,10.2,6.4,315,324,0
20200305,7.7,4.9,62,6.1,3.9,314,324,0
20200306,7.2,3.7,67,11.8,9.4,306,323,0
20200307,10.1,0.5,72.2,14.2,10.7,312,323,0
20200308,9,7,70.3,6.7,3.9,313,323,0
20200309,10,5.3,70.4,7.9,3.7,311,323,0
20200310,12.6,6.1,73.3,4.5,1.5,313,322,0
20200311,14.6,11.3,63.2,4.5,1.3,320,322,0
20200312,13,5.1,81.8,7,2.6,318,321,0
20200313,10.2,3.4,73.8,9.3,4.6,327,321,0
20200314,10.3,3.3,69.8,7.8,4.8,323,320,0
20200315,13.8,7.1,75.6,7.7,5,327,320,0
20200316,12,4.7,59.3,17.4,12.1,334,319,0
20200317,14,3,75.8,18.5,12.1,344,319,0
20200318,16.7,5.9,79.2,18.3,12.8,352,319,0
20200319,13.2,4.5,57.9,27.7,20.9,364,318,0
20200320,9.1,3.9,57.9,21.2,18,377,317,1
20200321,9.4,3.1,65.5,7.6,5.2,389,317,1
20200322,11.1,0.6,79.3,6.7,4.2,400,316,0
20200323,12.5,-0.9,80.8,8.2,4.5,412,316,1
20200324,12.7,-1.8,83.3,12.1,7.4,429,315,1
20200325,11.9,-1.3,89.4,22.5,14.2,445,315,1
20200326,11.2,1.2,90.2,28.2,18.8,455,314,1
20200327,14.5,2.6,81.7,45.6,30.5,467,314,1
20200328,14.3,4.6,96.5,42.6,28.4,491,313,1
20200329,6.8,0.7,82.7,11,3.3,514,312,1
20200330,8.5,-0.9,80.2,8.7,3.8,537,312,1
20200331,9.7,1.7,78,13.6,9.2,542,311,1
20200401,10.7,-1.3,83.6,18,11.4,555,311,1
20200402,9.5,-1.3,82.1,21.2,15.6,575,310,1
20200403,10.9,4.4,83.5,13.1,7.6,580,310,1
20200404,15.9,6.2,89.4,13.4,8.2,591,309,1
20200405,22.4,6.4,104.7,16.9,10.6,595,308,1
20200406,21.1,9.3,101,17.2,9.3,597,308,1
20200407,20.8,6.5,96.7,22.6,13.9,614,307,1
20200408,24.1,11,120.2,31.8,18.5,614,306,1
20200409,22.2,10.3,114.5,34.9,21.2,612,306,1
20200410,21.1,9.1,101.7,22.3,11.4,615,305,1
20200411,22.7,9.1,100.9,17.5,8.2,600,304,1
20200412,23.4,8.2,112.9,20.6,12.6,591,304,1
20200413,14.3,3.9,86.6,17.2,9.3,583,303,1
20200414,10.6,3.5,89.1,13,6.3,560,303,1
20200415,17.5,2.4,93.1,26.4,14.6,544,302,1
20200416,23.3,6.7,99,27.8,13.8,530,302,1
20200417,21.9,9.5,93.7,32,15.9,514,301,1
20200418,15.5,7.6,75.1,21.1,14.1,506,300,1
20200419,15,6.7,75.3,29,22.1,490,300,1
20200420,19.4,7.3,96.9,20.2,5.1,472,299,1
20200421,21.2,8.2,106.8,25.5,7.8,457,298,1
20200422,22.4,8.7,109.6,26.5,10,443,298,1
20200423,23.2,7.9,122.5,27.4,11.6,433,297,1
20200424,19.3,7.4,118,33.8,21.1,418,297,1
20200425,15.4,6.7,95.3,19.7,12.3,407,296,1
20200426,17.9,4.1,106.7,21.7,12.8,389,296,1
20200427,22,6.6,108.3,23.8,13.2,375,295,1
20200428,15.7,10,77.9,17,13.4,361,294,1
20200429,16.1,9,77.9,8,4.6,349,294,0
20200430,14.9,7.8,77.9,5.7,1.8,339,293,0
20200501,14.7,8.1,81.8,5.6,2.2,336,292,0
20200502,14.5,5.8,86.6,7.4,4.3,329,292,0
20200503,16.7,4.8,88.7,9.3,6.5,326,291,0
20200504,15.9,8.4,80.9,14,11.3,325,291,0
20200505,15.7,5.9,89.1,11.3,5.9,332,290,1
20200506,18.1,4.7,102,11.8,5.9,341,289,0
20200507,20.8,5.8,117.3,19.2,10.7,341,289,0
20200508,22,8.5,137.1,31.5,20.6,338,288,1
20200509,24.7,11.8,131.2,25.4,17.5,331,287,1
20200510,20.5,6.1,87.4,18.8,13.3,327,287,0
20200511,12.4,5.6,78.9,18.1,3.7,322,286,0
20200512,11.9,3.3,84.8,9.4,4.3,314,286,0
20200513,13.4,3.1,86.2,12.1,6.3,300,285,0
20200514,14.2,3.6,84.6,9,2.9,292,285,0
20200515,15.8,4.1,95.4,8.7,3.3,290,284,0
20200516,16.8,4.5,97.6,10.9,5.6,286,284,0
20200517,19.4,4.6,101.7,10.3,6.1,292,283,0
20200518,22.9,9,95.1,12.9,4.9,292,282,0
20200519,23.5,9,93.8,13.3,5.3,295,282,0
20200520,24.1,11.1,103.3,14.8,8.2,297,282,0
20200521,27.2,12,112.2,15.6,9.7,296,281,0
20200522,24.3,14.4,84.7,12.2,4.9,295,281,0
20200523,18.8,10.8,76.5,13.9,5,295,280,0
20200524,18.1,9.3,71.2,12.1,6.4,294,280,0
20200525,21.8,11.3,86.7,12.7,6.5,293,279,0
20200526,24,9.7,108.7,14.3,6.6,285,279,0
20200527,22.9,12.7,104.8,14.7,6.8,284,279,0
20200528,21.2,9.8,96.2,11.9,3.5,282,278,0
20200529,22.9,9.8,110.4,13.8,4.4,275,278,0
20200530,23.7,10.8,107.2,11,3.8,275,277,0
20200531,22.2,11.4,95.5,8.5,2.4,269,277,0
20200601,25.9,11.8,111,9.9,2.8,269,277,0
20200602,27.6,12.9,125.6,16.7,5.1,269,276,0
20200603,23,12.2,115.2,18.9,8.7,263,276,0
20200604,14.5,10.2,91.2,13.8,8.1,257,276,0
20200605,14.6,7.6,64,6.5,3,256,275,0
20200606,15.9,7.7,75,7.2,2.5,257,275,0
20200607,19.1,9.7,76.8,5.4,2.2,259,275,-1
20200608,15.8,11.4,64.5,7.1,3.7,259,275,0
20200609,15.5,10,65.7,16.2,10.9,260,274,0
20200610,16.9,9.9,71.3,19.2,13.8,264,274,0
20200611,20,13.2,89.5,21.5,16.7,272,274,0
20200612,22.6,12.5,80.2,11.5,7.2,277,273,0
20200613,25.5,13,86.7,6.2,2.7,277,273,0
20200614,23.1,15,83.2,6.7,3,275,273,0
20200615,24.5,14,85.1,8.8,4.3,271,272,0
20200616,23.4,14,81.1,9.4,5.2,266,272,0
20200617,23.2,14.4,70.8,10.5,7.1,262,272,0
20200618,22.1,13.1,76.1,6.8,3.4,258,271,0
20200619,21.1,12.5,79.6,6.9,2.9,256,271,0
20200620,21.9,10.7,76.9,6.5,3,256,271,0
20200621,23.2,11.8,66.7,6.7,2.8,257,270,0
20200622,22.4,11.6,82.9,13.8,7.2,260,270,0
20200623,26.9,12.2,134.9,16.7,7.8,271,270,0
20200624,29.7,16.6,134.5,17,7.4,275,269,0
20200625,29.9,16.2,123.2,12,4,279,269,0
20200626,28.6,18.3,114.4,15.4,7.9,277,269,0
20200627,23.8,17.7,79,9.5,4.7,273,269,0
20200628,21.6,12.6,70.3,6.4,2.2,271,269,0
20200629,20.1,12.5,72.9,9.5,2.6,269,268,0
20200630,19.5,12.3,63.9,6.8,1.9,260,268,0
20200701,20.5,14,50.4,5.1,1.7,255,268,0
20200702,21.1,13.3,57.5,6.5,2.4,250,267,0
20200703,21.6,13.4,65.6,8.2,3.5,244,267,0
20200704,20,15.1,56.6,6.1,2.2,244,267,0
20200705,22.5,12.7,56.2,6.2,1.9,238,267,0
20200706,19.4,11,64.2,10.3,3.9,237,267,0
20200707,21.1,12.4,76.7,9.7,3.3,238,267,0
20200708,17.1,12.4,62.1,5.6,2.7,236,266,0
20200709,23.9,15.9,41.4,7.4,2.5,237,266,0
20200710,18.8,11.9,68.7,4.9,2.1,242,266,0
20200711,20.7,9,76.8,7.5,3.2,239,266,0
20200712,21.2,11.2,83.4,7.5,3.5,249,266,0
20200713,24.6,12.5,111.7,9.9,3.5,251,266,0
20200714,18.4,14,84,10.8,5.1,251,265,0
20200715,20.5,13.6,71.1,12.5,6.9,257,265,0
20200716,17.6,14.1,52.6,9.3,5.2,263,265,0
20200717,21.5,14.9,54.9,13.3,7.2,264,265,0
20200718,24.3,14.3,78.3,15.4,7,265,265,0
20200719,24.1,12.8,69.5,13.5,5.6,259,264,0
20200720,20.7,13,75.3,9.6,4.2,263,264,0
20200721,21.4,9.5,84.1,6.7,2.3,261,264,0
20200722,20.7,9.5,87.4,9.9,2.9,256,264,0
20200723,25.5,10.9,105,14.3,3.8,256,264,0
20200724,22.6,14.5,78.1,10.6,4,257,264,0
20200725,24,15.7,60.2,7.7,2.3,261,264,0
20200726,22.5,14.9,56.1,6.3,2.5,263,263,0
20200727,28.3,14.5,85.8,9.4,2.3,261,263,0
20200728,22.1,14.4,67.9,9.9,3,267,263,0
20200729,22.6,11.3,82.8,11.4,3.8,275,263,0
20200730,28.5,13.1,116.9,15.5,4.9,275,263,0
20200731,36.5,17,139.5,21.5,6.8,275,263,0
20200801,27.1,17.6,97.7,13.1,5.6,274,263,0
20200802,22.7,13.3,75.9,9.5,4,273,263,0
20200803,22.4,11.8,73.7,9.7,3.5,277,263,0
20200804,23.1,10.7,92.8,10.4,4.4,279,263,0
20200805,28.8,12.6,109.3,14.8,3.1,281,262,0
20200806,32,15.3,129.1,16.9,4.7,290,262,0
20200807,33.9,19.4,147.4,19.7,7.1,307,262,0
20200808,35.9,19.4,165.5,24.2,11.2,327,262,0
20200809,32.8,21.1,145.7,23.8,12.6,352,262,0
20200810,34,20.6,156.7,24.1,12.6,378,262,1
20200811,32.6,21.6,151.1,33.2,18.6,394,262,1
20200812,33.1,19.9,160,27.7,15.7,406,262,1
20200813,30.5,19.6,130.4,25.1,13.6,408,262,1
20200814,25.6,18.1,93.9,15.2,9.4,401,262,1
20200815,27.2,17.6,92.1,15.9,10.9,390,262,1
20200816,29.5,18,97,16.4,10.5,375,263,1
20200817,24.4,16.3,73.4,9.1,4.2,353,263,1
20200818,24.1,14.8,73.4,7.4,3,338,263,0
20200819,26.9,15.2,75.9,8.6,2.8,321,263,1
20200820,31.1,18.4,92,8.3,2.3,312,263,1
20200821,28.3,18.3,81.8,10.8,3.2,303,263,0
20200822,23,16.8,70.5,10.5,4,299,263,0
20200823,19.8,14.6,60.6,6.9,2.9,293,263,0
20200824,19.8,14.1,64.2,7.1,2.6,281,263,0
20200825,23.7,13.3,70.2,9,2.6,275,264,0
20200826,19.9,13.9,66.9,12.2,3.7, ,264,
20200827,21.6,12.1,70.1,11.9,4.2, ,264,
20200828,20.1,13.2,58.3,6.8,2.7, ,264,
20200829,17.5,12.2,59.1,6,2.9, ,264,
20200830,19,12.9,66,8.5,4.2, ,265,
20200831,19,13.8,67.9,7.6,2.7, ,265,
20200901,19.1,11.2,71.6,10,4.1, ,265,
20200902,19.9,10.3,86,13.3,6.6, ,265,
20200903,21.6,12.3,70.1,13.3,6.2, ,266,
20200904,20.9,16,60.1,7.7,3.2, ,266,
20200905,18.5,11,64.8,9.2,4.1, ,266,
20200906,19.7,8.7,68.1,8.5,3.6, ,266,
20200907,21.5,9,73.1,10.9,4.5, ,266,
20200908,18.8,14.1,56,10.3,4.3, ,267,
20200909,24.1,16.8,56.2,12.2,5.9, ,267,
20200910,21.1,12.1,77.5,11.3,3.9, ,267,
20200911,22.7,9.1,80.4,18.1,7.5, ,267,
20200912,21.3,10.8,76.4,15.1,7, ,268,
